[{
  "_id": {
    "$oid": "64292de076f870757283e4d9"
  },
  "user": {
    "$oid": "64118c19a60d3953301be823"
  },
  "invoiceNumber": "808770808103",
  "orderNumber": "808087070103",
  "otp": 123456,
  "promoCode": "boojl8103",
  "invoiceDesecription": "Invoice –Subscription ",
  "createdAt": {
    "$date": "2023-04-02T07:25:20.247Z"
  },
  "__v": 0
},{
  "_id": {
    "$oid": "64292e47a98b8938affd6c79"
  },
  "user": {
    "$oid": "64118c19a60d3953301be823"
  },
  "invoiceNumber": "808770808104",
  "orderNumber": "808087070104",
  "otp": 123456,
  "promoCode": "boojl8104",
  "invoiceDesecription": "Invoice – Offers and Promos",
  "createdAt": {
    "$date": "2023-04-02T07:27:03.652Z"
  },
  "__v": 0
},{
  "_id": {
    "$oid": "64292e7ea98b8938affd6c7b"
  },
  "user": {
    "$oid": "64118c19a60d3953301be823"
  },
  "invoiceNumber": "808770808105",
  "orderNumber": "808087070105",
  "otp": 123456,
  "promoCode": "boojl8105",
  "invoiceDesecription": "Top 10 rankings",
  "createdAt": {
    "$date": "2023-04-02T07:27:58.146Z"
  },
  "__v": 0
},{
  "_id": {
    "$oid": "64292e9fa98b8938affd6c7d"
  },
  "user": {
    "$oid": "64118c19a60d3953301be823"
  },
  "invoiceNumber": "808770808106",
  "orderNumber": "808087070106",
  "otp": 123456,
  "promoCode": "boojl8106",
  "invoiceDesecription": "Notification Purchase",
  "createdAt": {
    "$date": "2023-04-02T07:28:31.911Z"
  },
  "__v": 0
},{
  "_id": {
    "$oid": "64292ebaa98b8938affd6c7f"
  },
  "user": {
    "$oid": "64118c19a60d3953301be823"
  },
  "invoiceNumber": "808770808107",
  "orderNumber": "808087070107",
  "otp": 123456,
  "promoCode": "boojl8107",
  "invoiceDesecription": "Customer Transactions",
  "createdAt": {
    "$date": "2023-04-02T07:28:58.510Z"
  },
  "__v": 0
},{
  "_id": {
    "$oid": "64292ed3a98b8938affd6c81"
  },
  "user": {
    "$oid": "64118c19a60d3953301be823"
  },
  "invoiceNumber": "808770808108",
  "orderNumber": "808087070108",
  "otp": 123456,
  "promoCode": "boojl8108",
  "invoiceDesecription": "Design a Survey",
  "createdAt": {
    "$date": "2023-04-02T07:29:23.535Z"
  },
  "__v": 0
},{
  "_id": {
    "$oid": "64292f20a98b8938affd6c85"
  },
  "user": {
    "$oid": "64144186df14fd9876dd77d9"
  },
  "invoiceNumber": "808770808109",
  "orderNumber": "808087070109",
  "otp": 123456,
  "promoCode": "boojl8109",
  "invoiceDesecription": "Design a Survey",
  "createdAt": {
    "$date": "2023-04-02T07:30:40.373Z"
  },
  "__v": 0
},{
  "_id": {
    "$oid": "64292f3aa98b8938affd6c87"
  },
  "user": {
    "$oid": "64144186df14fd9876dd77d9"
  },
  "invoiceNumber": "808770808110",
  "orderNumber": "808087070110",
  "otp": 123456,
  "promoCode": "boojl8110",
  "invoiceDesecription": "Customer Transactions",
  "createdAt": {
    "$date": "2023-04-02T07:31:06.252Z"
  },
  "__v": 0
},{
  "_id": {
    "$oid": "64292f65a98b8938affd6c89"
  },
  "user": {
    "$oid": "64144186df14fd9876dd77d9"
  },
  "invoiceNumber": "808770808111",
  "orderNumber": "808087070111",
  "otp": 123456,
  "promoCode": "boojl8111",
  "invoiceDesecription": "Invoice – Notification Purchase",
  "createdAt": {
    "$date": "2023-04-02T07:31:49.924Z"
  },
  "__v": 0
},{
  "_id": {
    "$oid": "64292f83a98b8938affd6c8b"
  },
  "user": {
    "$oid": "64144186df14fd9876dd77d9"
  },
  "invoiceNumber": "808770808112",
  "orderNumber": "808087070112",
  "otp": 123456,
  "promoCode": "boojl8112",
  "invoiceDesecription": "Invoice – Customer Transactions",
  "createdAt": {
    "$date": "2023-04-02T07:32:19.153Z"
  },
  "__v": 0
},{
  "_id": {
    "$oid": "64292f9aa98b8938affd6c8d"
  },
  "user": {
    "$oid": "64144186df14fd9876dd77d9"
  },
  "invoiceNumber": "808770808113",
  "orderNumber": "808087070113",
  "otp": 123456,
  "promoCode": "boojl8113",
  "invoiceDesecription": "Invoice – Notification Purchase",
  "createdAt": {
    "$date": "2023-04-02T07:32:42.461Z"
  },
  "__v": 0
},{
  "_id": {
    "$oid": "64292fb7a98b8938affd6c8f"
  },
  "user": {
    "$oid": "64144186df14fd9876dd77d9"
  },
  "invoiceNumber": "808770808114",
  "orderNumber": "808087070114",
  "otp": 123456,
  "promoCode": "boojl8114",
  "invoiceDesecription": "Invoice – Top 10 rankings",
  "createdAt": {
    "$date": "2023-04-02T07:33:11.061Z"
  },
  "__v": 0
},{
  "_id": {
    "$oid": "64293029a98b8938affd6c93"
  },
  "user": {
    "$oid": "64144186df14fd9876dd77d9"
  },
  "invoiceNumber": "808770808115",
  "orderNumber": "808087070115",
  "otp": 123456,
  "promoCode": "boojl8115",
  "invoiceDesecription": "Invoice – Subscription",
  "createdAt": {
    "$date": "2023-04-02T07:35:05.689Z"
  },
  "__v": 0
},{
  "_id": {
    "$oid": "64293059a98b8938affd6c95"
  },
  "user": {
    "$oid": "642711470d77d02b5ca2a41a"
  },
  "invoiceNumber": "808770808116",
  "orderNumber": "808087070116",
  "otp": 123456,
  "promoCode": "boojl8116",
  "invoiceDesecription": "Invoice – Subscription",
  "createdAt": {
    "$date": "2023-04-02T07:35:53.566Z"
  },
  "__v": 0
},{
  "_id": {
    "$oid": "64293075a98b8938affd6c97"
  },
  "user": {
    "$oid": "642711470d77d02b5ca2a41a"
  },
  "invoiceNumber": "808770808117",
  "orderNumber": "808087070117",
  "otp": 123456,
  "promoCode": "boojl8117",
  "invoiceDesecription": "Invoice – Offers and Promos",
  "createdAt": {
    "$date": "2023-04-02T07:36:21.099Z"
  },
  "__v": 0
},{
  "_id": {
    "$oid": "6429308ca98b8938affd6c99"
  },
  "user": {
    "$oid": "642711470d77d02b5ca2a41a"
  },
  "invoiceNumber": "808770808118",
  "orderNumber": "808087070118",
  "otp": 123456,
  "promoCode": "boojl8118",
  "invoiceDesecription": "Invoice – Top 10 rankings",
  "createdAt": {
    "$date": "2023-04-02T07:36:44.948Z"
  },
  "__v": 0
},{
  "_id": {
    "$oid": "642930a3a98b8938affd6c9b"
  },
  "user": {
    "$oid": "642711470d77d02b5ca2a41a"
  },
  "invoiceNumber": "808770808119",
  "orderNumber": "808087070119",
  "otp": 123456,
  "promoCode": "boojl8119",
  "invoiceDesecription": "Invoice – Notification Purchase",
  "createdAt": {
    "$date": "2023-04-02T07:37:07.993Z"
  },
  "__v": 0
},{
  "_id": {
    "$oid": "642930c3a98b8938affd6c9d"
  },
  "user": {
    "$oid": "642711470d77d02b5ca2a41a"
  },
  "invoiceNumber": "808770808120",
  "orderNumber": "808087070120",
  "otp": 123456,
  "promoCode": "boojl8120",
  "invoiceDesecription": "Invoice – Customer Transactions",
  "createdAt": {
    "$date": "2023-04-02T07:37:39.629Z"
  },
  "__v": 0
},{
  "_id": {
    "$oid": "642930dca98b8938affd6c9f"
  },
  "user": {
    "$oid": "642711470d77d02b5ca2a41a"
  },
  "invoiceNumber": "808770808121",
  "orderNumber": "808087070121",
  "otp": 123456,
  "promoCode": "boojl8121",
  "invoiceDesecription": "Invoice – Design a Survey",
  "createdAt": {
    "$date": "2023-04-02T07:38:04.501Z"
  },
  "__v": 0
},{
  "_id": {
    "$oid": "64293123a98b8938affd6ca1"
  },
  "user": {
    "$oid": "642711db0d77d02b5ca2a41c"
  },
  "invoiceNumber": "808770808122",
  "orderNumber": "808087070122",
  "otp": 123456,
  "promoCode": "boojl8122",
  "invoiceDesecription": "Invoice – Design a Survey",
  "createdAt": {
    "$date": "2023-04-02T07:39:15.187Z"
  },
  "__v": 0
},{
  "_id": {
    "$oid": "6429313ba98b8938affd6ca3"
  },
  "user": {
    "$oid": "642711db0d77d02b5ca2a41c"
  },
  "invoiceNumber": "808770808123",
  "orderNumber": "808087070123",
  "otp": 123456,
  "promoCode": "boojl8123",
  "invoiceDesecription": "Invoice – Customer Transactions",
  "createdAt": {
    "$date": "2023-04-02T07:39:39.404Z"
  },
  "__v": 0
},{
  "_id": {
    "$oid": "6429314fa98b8938affd6ca5"
  },
  "user": {
    "$oid": "642711db0d77d02b5ca2a41c"
  },
  "invoiceNumber": "808770808124",
  "orderNumber": "808087070124",
  "otp": 123456,
  "promoCode": "boojl8124",
  "invoiceDesecription": "Invoice – Notification Purchase",
  "createdAt": {
    "$date": "2023-04-02T07:39:59.070Z"
  },
  "__v": 0
},{
  "_id": {
    "$oid": "64293177a98b8938affd6ca7"
  },
  "user": {
    "$oid": "642711db0d77d02b5ca2a41c"
  },
  "invoiceNumber": "808770808125",
  "orderNumber": "808087070125",
  "otp": 123456,
  "promoCode": "boojl8125",
  "invoiceDesecription": "Invoice – Top 10 rankings",
  "createdAt": {
    "$date": "2023-04-02T07:40:39.198Z"
  },
  "__v": 0
},{
  "_id": {
    "$oid": "642931b4a98b8938affd6ca9"
  },
  "user": {
    "$oid": "642711db0d77d02b5ca2a41c"
  },
  "invoiceNumber": "808770808126",
  "orderNumber": "808087070126",
  "otp": 123456,
  "promoCode": "boojl8126",
  "invoiceDesecription": "Invoice – Offers and Promos",
  "createdAt": {
    "$date": "2023-04-02T07:41:40.146Z"
  },
  "__v": 0
},{
  "_id": {
    "$oid": "642931d1a98b8938affd6cab"
  },
  "user": {
    "$oid": "642711db0d77d02b5ca2a41c"
  },
  "invoiceNumber": "808770808127",
  "orderNumber": "808087070127",
  "otp": 123456,
  "promoCode": "boojl8127",
  "invoiceDesecription": "Invoice – Subscription",
  "createdAt": {
    "$date": "2023-04-02T07:42:09.152Z"
  },
  "__v": 0
},{
  "_id": {
    "$oid": "642931f5a98b8938affd6cad"
  },
  "user": {
    "$oid": "642712850d77d02b5ca2a41d"
  },
  "invoiceNumber": "808770808128",
  "orderNumber": "808087070128",
  "otp": 123456,
  "promoCode": "boojl8128",
  "invoiceDesecription": "Invoice – Subscription",
  "createdAt": {
    "$date": "2023-04-02T07:42:45.374Z"
  },
  "__v": 0
},{
  "_id": {
    "$oid": "64293205a98b8938affd6caf"
  },
  "user": {
    "$oid": "642712850d77d02b5ca2a41d"
  },
  "invoiceNumber": "808770808129",
  "orderNumber": "808087070129",
  "otp": 123456,
  "promoCode": "boojl8129",
  "invoiceDesecription": "Invoice – Offers and Promos",
  "createdAt": {
    "$date": "2023-04-02T07:43:01.779Z"
  },
  "__v": 0
},{
  "_id": {
    "$oid": "64293223a98b8938affd6cb1"
  },
  "user": {
    "$oid": "642712850d77d02b5ca2a41d"
  },
  "invoiceNumber": "808770808130",
  "orderNumber": "808087070130",
  "otp": 123456,
  "promoCode": "boojl8130",
  "invoiceDesecription": "Invoice – Top 10 rankings",
  "createdAt": {
    "$date": "2023-04-02T07:43:31.437Z"
  },
  "__v": 0
},{
  "_id": {
    "$oid": "6429323ca98b8938affd6cb3"
  },
  "user": {
    "$oid": "642712850d77d02b5ca2a41d"
  },
  "invoiceNumber": "808770808131",
  "orderNumber": "808087070131",
  "otp": 123456,
  "promoCode": "boojl8131",
  "invoiceDesecription": "Invoice – Offers and Promos",
  "createdAt": {
    "$date": "2023-04-02T07:43:56.326Z"
  },
  "__v": 0
},{
  "_id": {
    "$oid": "64293252a98b8938affd6cb5"
  },
  "user": {
    "$oid": "642712850d77d02b5ca2a41d"
  },
  "invoiceNumber": "808770808132",
  "orderNumber": "808087070132",
  "otp": 123456,
  "promoCode": "boojl8132",
  "invoiceDesecription": "Invoice – Subscription",
  "createdAt": {
    "$date": "2023-04-02T07:44:18.931Z"
  },
  "__v": 0
},{
  "_id": {
    "$oid": "64293276a98b8938affd6cb7"
  },
  "user": {
    "$oid": "642712dc0d77d02b5ca2a41e"
  },
  "invoiceNumber": "808770808133",
  "orderNumber": "808087070133",
  "otp": 123456,
  "promoCode": "boojl8133",
  "invoiceDesecription": "Invoice – Subscription",
  "createdAt": {
    "$date": "2023-04-02T07:44:54.583Z"
  },
  "__v": 0
},{
  "_id": {
    "$oid": "642932baa98b8938affd6cbb"
  },
  "user": {
    "$oid": "642712dc0d77d02b5ca2a41e"
  },
  "invoiceNumber": "808770808134",
  "orderNumber": "808087070134",
  "otp": 123456,
  "promoCode": "boojl8134",
  "invoiceDesecription": "Invoice – Subscription",
  "createdAt": {
    "$date": "2023-04-02T07:46:02.613Z"
  },
  "__v": 0
},{
  "_id": {
    "$oid": "642932d9a98b8938affd6cbd"
  },
  "user": {
    "$oid": "642712dc0d77d02b5ca2a41e"
  },
  "invoiceNumber": "808770808135",
  "orderNumber": "808087070135",
  "otp": 123456,
  "promoCode": "boojl8135",
  "invoiceDesecription": "Invoice – Offers and Promos",
  "createdAt": {
    "$date": "2023-04-02T07:46:33.114Z"
  },
  "__v": 0
},{
  "_id": {
    "$oid": "642932f3a98b8938affd6cbf"
  },
  "user": {
    "$oid": "642712dc0d77d02b5ca2a41e"
  },
  "invoiceNumber": "808770808136",
  "orderNumber": "808087070136",
  "otp": 123456,
  "promoCode": "boojl8136",
  "invoiceDesecription": "Invoice – Top 10 rankings",
  "createdAt": {
    "$date": "2023-04-02T07:46:59.667Z"
  },
  "__v": 0
},{
  "_id": {
    "$oid": "6429330aa98b8938affd6cc1"
  },
  "user": {
    "$oid": "642712dc0d77d02b5ca2a41e"
  },
  "invoiceNumber": "808770808137",
  "orderNumber": "808087070137",
  "otp": 123456,
  "promoCode": "boojl8137",
  "invoiceDesecription": "Invoice – Notification Purchase",
  "createdAt": {
    "$date": "2023-04-02T07:47:22.191Z"
  },
  "__v": 0
},{
  "_id": {
    "$oid": "6429332fa98b8938affd6cc5"
  },
  "user": {
    "$oid": "642712dc0d77d02b5ca2a41e"
  },
  "invoiceNumber": "808770808138",
  "orderNumber": "808087070138",
  "otp": 123456,
  "promoCode": "boojl8138",
  "invoiceDesecription": "Invoice – Customer Transactions",
  "createdAt": {
    "$date": "2023-04-02T07:47:59.509Z"
  },
  "__v": 0
},{
  "_id": {
    "$oid": "64293351a98b8938affd6cc7"
  },
  "user": {
    "$oid": "642712dc0d77d02b5ca2a41e"
  },
  "invoiceNumber": "808770808139",
  "orderNumber": "808087070139",
  "otp": 123456,
  "promoCode": "boojl8139",
  "invoiceDesecription": "Invoice – Design a Survey",
  "createdAt": {
    "$date": "2023-04-02T07:48:33.088Z"
  },
  "__v": 0
}]