[{
  "_id": {
    "$oid": "6423f8f2c9144ecaba9acb3a"
  },
  "description": "application is very slow",
  "expectedOutcoms": "should be fast",
  "complainType": "performance",
  "preferredMediumContact": "app",
  "complainNumber": "80707070708009",
  "complainStatus": "received",
  "complainResponse": "",
  "user": {
    "$oid": "63ff249df959b0e40b747f6f"
  },
  "complainUpdateDate": {
    "$date": "2023-03-29T08:38:10.751Z"
  },
  "createdAt": {
    "$date": "2023-03-29T08:38:10.751Z"
  },
  "__v": 0
}]