[{
  "_id": {
    "$oid": "64427614c8f3be5d4562efb1"
  },
  "paymentLink": "plink_1MzIJoGGhIV5PAANTGmxOB1o",
  "productId": {
    "$oid": "6440bc6468be98eeba1ee7a5"
  },
  "status": "paid",
  "paymentUrl": "https://buy.stripe.com/test_3cs6oR8RLbQI9vabRo",
  "paymentMethod": [
    "card",
    "link"
  ],
  "businessId": {
    "$oid": "643cd01d448a0837e2cf24ce"
  },
  "invoice_url": "https://invoice.stripe.com/i/acct_1Mx307GGhIV5PAAN/test_YWNjdF8xTXgzMDdHR2hJVjVQQUFOLF9Oa29BdUJkRDNXbHh4Q05jWjByU25FSWM4MDA1OFl1LDcyNjE4ODkx02003x7N1Uk4?s=ap",
  "invoice_pdf": "https://pay.stripe.com/invoice/acct_1Mx307GGhIV5PAAN/test_YWNjdF8xTXgzMDdHR2hJVjVQQUFOLF9Oa29BdUJkRDNXbHh4Q05jWjByU25FSWM4MDA1OFl1LDcyNjE4ODkx02003x7N1Uk4/pdf?s=ap",
  "customer_email": "pradeepkumar@pearlcons.com",
  "invoice_id": "in_1MzIY8GGhIV5PAANQ2GM6z6v",
  "payment_intent": "pi_3MzIY6GGhIV5PAAN0waTydJa",
  "tries": 1,
  "createdAt": {
    "$date": "2023-04-21T11:40:04.569Z"
  },
  "updatedAt": {
    "$date": "2023-04-21T11:54:55.439Z"
  },
  "__v": 0,
  "invoice_paid_time": 1682078086
},{
  "_id": {
    "$oid": "64427614c8f3be5d4562efaf"
  },
  "paymentLink": "plink_1MzIJoGGhIV5PAANQgNH4SlM",
  "productId": {
    "$oid": "6440e6da7917438bf2e6f8d7"
  },
  "status": "paid",
  "paymentUrl": "https://buy.stripe.com/test_14keVn2tn7As36M08F",
  "paymentMethod": [
    "card",
    "link"
  ],
  "businessId": {
    "$oid": "643cd01d448a0837e2cf24ce"
  },
  "invoice_url": "https://invoice.stripe.com/i/acct_1Mx307GGhIV5PAAN/test_YWNjdF8xTXgzMDdHR2hJVjVQQUFOLF9Oa29CTzlMbWNlY3hhQjRiWXk3NDVyTkV2Y0pteXBxLDcyNjE4OTUw020000MIvg6j?s=ap",
  "invoice_pdf": "https://pay.stripe.com/invoice/acct_1Mx307GGhIV5PAAN/test_YWNjdF8xTXgzMDdHR2hJVjVQQUFOLF9Oa29CTzlMbWNlY3hhQjRiWXk3NDVyTkV2Y0pteXBxLDcyNjE4OTUw020000MIvg6j/pdf?s=ap",
  "customer_email": "pradeepkumar@pearlcons.com",
  "invoice_id": "in_1MzIZ6GGhIV5PAANDflFWt8s",
  "payment_intent": "pi_3MzIZ4GGhIV5PAAN0ELKUbDV",
  "tries": 1,
  "createdAt": {
    "$date": "2023-04-21T11:40:04.560Z"
  },
  "updatedAt": {
    "$date": "2023-04-21T11:55:54.462Z"
  },
  "__v": 0,
  "invoice_paid_time": 1682078146
}]