[{
  "_id": {
    "$oid": "6423f939c9144ecaba9acb46"
  },
  "requestNumber": "80707070708009",
  "requestType": "performance",
  "description": "application is very slow",
  "expectedOutcoms": "should be fast",
  "preferredMediumContact": "app",
  "requestStatus": "completed",
  "requestResponse": "we have taken your request, thank you",
  "user": {
    "$oid": "63ff249df959b0e40b747f6f"
  },
  "requestUpdateDate": {
    "$date": "2023-04-11T04:29:11.178Z"
  },
  "createdAt": {
    "$date": "2023-03-29T08:39:21.915Z"
  },
  "__v": 0
}]