[{
  "_id": {
    "$oid": "642b9cc5c5add6f5d8a0a82a"
  },
  "first_time_notification": "welcome to crop point",
  "subscription_renewal": "thanks for renewal",
  "points_credit_against_spends": "50 crop credited",
  "points_credit_solical_media_posts": "10 crop credited",
  "points_expiry": "20 crop has been expired this month",
  "points_redeemed": "20 crop has been redeemed",
  "redeemtion_limit": "your limit is 40 CROP",
  "pin_change": "you pin succcessfully changed",
  "transfer_in": "2000 crop transfer into yours account",
  "user": {
    "$oid": "64257be8ab0757d368e3422c"
  },
  "date": {
    "$date": "2023-04-04T03:43:01.058Z"
  },
  "__v": 0
}]