[{
  "_id": {
    "$oid": "6423f92cc9144ecaba9acb42"
  },
  "requestNumber": "80707070708009",
  "requestType": "performance",
  "description": "application is very slow",
  "expectedOutcoms": "should be fast",
  "preferredMediumContact": "app",
  "requestStatus": "completed",
  "requestResponse": "thankyou ",
  "user": {
    "$oid": "63ff249df959b0e40b747f6f"
  },
  "requestUpdateDate": {
    "$date": "2023-04-11T04:16:56.345Z"
  },
  "createdAt": {
    "$date": "2023-03-29T08:39:08.734Z"
  },
  "__v": 0
}]