[{
  "_id": {
    "$oid": "642c16996d2be680e22c469a"
  },
  "first_time_subscription": "thank you for subscription",
  "subscription_renewal": "thank you for renewal",
  "points_transaction": "thank for trasaction",
  "sales": "50% off sale is going on",
  "point_offered_against_spends": "thank you for offer",
  "point_offered_surveys_completed": "thank you for survey",
  "point_Offered_social_media": "solial media offer",
  "base_threshold_limit": "5000 is the limit",
  "pin_change": "you have successfully changed the pin",
  "program_change_Offer_points": "successfully changed the offer",
  "program_change_redemption": "redeemtion changes success",
  "program_change_bonus_points": "bonous updated",
  "program_change_slash_redeemption_changes": "slash redeemption updated",
  "transfer_out": "thanks for transfer",
  "statement_generation": "your statement generated",
  "user": {
    "$oid": "64257be8ab0757d368e3422c"
  },
  "date": {
    "$date": "2023-04-04T12:22:49.746Z"
  },
  "__v": 0
}]