[{
  "_id": {
    "$oid": "642736a5c9a9d7581e7f0f87"
  },
  "description": "just created",
  "user": {
    "$oid": "64118c19a60d3953301be823"
  },
  "date": {
    "$date": "2023-03-31T19:38:13.169Z"
  },
  "__v": 0
},{
  "_id": {
    "$oid": "642736b6c9a9d7581e7f0f89"
  },
  "description": "address updated",
  "user": {
    "$oid": "64118c19a60d3953301be823"
  },
  "date": {
    "$date": "2023-03-31T19:38:30.846Z"
  },
  "__v": 0
},{
  "_id": {
    "$oid": "642736c9c9a9d7581e7f0f8b"
  },
  "description": "profile updated",
  "user": {
    "$oid": "64118c19a60d3953301be823"
  },
  "date": {
    "$date": "2023-03-31T19:38:49.985Z"
  },
  "__v": 0
},{
  "_id": {
    "$oid": "642736e1c9a9d7581e7f0f8d"
  },
  "description": "pin updated",
  "user": {
    "$oid": "64118c19a60d3953301be823"
  },
  "date": {
    "$date": "2023-03-31T19:39:13.444Z"
  },
  "__v": 0
},{
  "_id": {
    "$oid": "642736fec9a9d7581e7f0f8f"
  },
  "description": "just created",
  "user": {
    "$oid": "64144186df14fd9876dd77d9"
  },
  "date": {
    "$date": "2023-03-31T19:39:42.315Z"
  },
  "__v": 0
},{
  "_id": {
    "$oid": "64273712c9a9d7581e7f0f91"
  },
  "description": "address updated",
  "user": {
    "$oid": "64144186df14fd9876dd77d9"
  },
  "date": {
    "$date": "2023-03-31T19:40:02.855Z"
  },
  "__v": 0
},{
  "_id": {
    "$oid": "64273726c9a9d7581e7f0f93"
  },
  "description": "profile image updated",
  "user": {
    "$oid": "64144186df14fd9876dd77d9"
  },
  "date": {
    "$date": "2023-03-31T19:40:22.479Z"
  },
  "__v": 0
},{
  "_id": {
    "$oid": "6427373cc9a9d7581e7f0f95"
  },
  "description": "business address updated",
  "user": {
    "$oid": "64144186df14fd9876dd77d9"
  },
  "date": {
    "$date": "2023-03-31T19:40:44.517Z"
  },
  "__v": 0
},{
  "_id": {
    "$oid": "64273757c9a9d7581e7f0f97"
  },
  "description": "just created",
  "user": {
    "$oid": "642711470d77d02b5ca2a41a"
  },
  "date": {
    "$date": "2023-03-31T19:41:11.645Z"
  },
  "__v": 0
},{
  "_id": {
    "$oid": "642737b3c9a9d7581e7f0f99"
  },
  "description": "address changed",
  "user": {
    "$oid": "642711470d77d02b5ca2a41a"
  },
  "date": {
    "$date": "2023-03-31T19:42:43.757Z"
  },
  "__v": 0
},{
  "_id": {
    "$oid": "642737bec9a9d7581e7f0f9b"
  },
  "description": "pin updated",
  "user": {
    "$oid": "642711470d77d02b5ca2a41a"
  },
  "date": {
    "$date": "2023-03-31T19:42:54.492Z"
  },
  "__v": 0
},{
  "_id": {
    "$oid": "642737e4c9a9d7581e7f0f9d"
  },
  "description": "tier updated",
  "user": {
    "$oid": "642711470d77d02b5ca2a41a"
  },
  "date": {
    "$date": "2023-03-31T19:43:32.182Z"
  },
  "__v": 0
},{
  "_id": {
    "$oid": "642737f2c9a9d7581e7f0f9f"
  },
  "description": "interest added",
  "user": {
    "$oid": "642711470d77d02b5ca2a41a"
  },
  "date": {
    "$date": "2023-03-31T19:43:46.743Z"
  },
  "__v": 0
},{
  "_id": {
    "$oid": "64273870c9a9d7581e7f0fa1"
  },
  "description": "just added",
  "user": {
    "$oid": "642711db0d77d02b5ca2a41c"
  },
  "date": {
    "$date": "2023-03-31T19:45:52.626Z"
  },
  "__v": 0
},{
  "_id": {
    "$oid": "64273899c9a9d7581e7f0fa3"
  },
  "description": "store address changed",
  "user": {
    "$oid": "642711db0d77d02b5ca2a41c"
  },
  "date": {
    "$date": "2023-03-31T19:46:33.362Z"
  },
  "__v": 0
},{
  "_id": {
    "$oid": "642738d8c9a9d7581e7f0fa5"
  },
  "description": "notification subscribed",
  "user": {
    "$oid": "642711db0d77d02b5ca2a41c"
  },
  "date": {
    "$date": "2023-03-31T19:47:36.930Z"
  },
  "__v": 0
},{
  "_id": {
    "$oid": "642738f1c9a9d7581e7f0fa7"
  },
  "description": "loyalty program added",
  "user": {
    "$oid": "642711db0d77d02b5ca2a41c"
  },
  "date": {
    "$date": "2023-03-31T19:48:01.009Z"
  },
  "__v": 0
},{
  "_id": {
    "$oid": "64273929c9a9d7581e7f0fa9"
  },
  "description": "just created",
  "user": {
    "$oid": "642712850d77d02b5ca2a41d"
  },
  "date": {
    "$date": "2023-03-31T19:48:57.535Z"
  },
  "__v": 0
},{
  "_id": {
    "$oid": "64273959c9a9d7581e7f0fab"
  },
  "description": "profile image updaed",
  "user": {
    "$oid": "642712850d77d02b5ca2a41d"
  },
  "date": {
    "$date": "2023-03-31T19:49:45.496Z"
  },
  "__v": 0
},{
  "_id": {
    "$oid": "6427bd4cc9a9d7581e7f0fad"
  },
  "description": "just created",
  "user": {
    "$oid": "642712dc0d77d02b5ca2a41e"
  },
  "date": {
    "$date": "2023-04-01T05:12:44.168Z"
  },
  "__v": 0
},{
  "_id": {
    "$oid": "6427bd5ac9a9d7581e7f0faf"
  },
  "description": "name updated",
  "user": {
    "$oid": "642712dc0d77d02b5ca2a41e"
  },
  "date": {
    "$date": "2023-04-01T05:12:58.105Z"
  },
  "__v": 0
},{
  "_id": {
    "$oid": "6427bd65c9a9d7581e7f0fb1"
  },
  "description": "interest updated",
  "user": {
    "$oid": "642712dc0d77d02b5ca2a41e"
  },
  "date": {
    "$date": "2023-04-01T05:13:09.214Z"
  },
  "__v": 0
},{
  "_id": {
    "$oid": "6427bd7cc9a9d7581e7f0fb3"
  },
  "description": "subscribe to sms notification",
  "user": {
    "$oid": "642712dc0d77d02b5ca2a41e"
  },
  "date": {
    "$date": "2023-04-01T05:13:32.164Z"
  },
  "__v": 0
}]