[{
  "_id": {
    "$oid": "643144e8075cdce5bfb83d05"
  },
  "name": "pradeep",
  "email": "pradeep@gmail.com",
  "password": "$2a$10$Tx3YqY/AIz2W9ceZZyzFeeJJVzv2.pwN8eKJXQLNLpnsm91clgJVa",
  "imageUrl": {},
  "gender": "male",
  "phone": {
    "$numberLong": "7829744718"
  },
  "invoiceCycle": "N",
  "businessTier": "N",
  "customerTier": "N",
  "serviceRequest": "N",
  "complaint": "N",
  "orderRevocation": "N",
  "survayDesign": "N",
  "serviceChange": "N",
  "notifications": "N",
  "notificationsContent": "N",
  "pricing": "N",
  "subscription_frequencies": "N",
  "earnPoint_valuation": "N",
  "redeemPoint_valuation": "N",
  "massNotifications": "N",
  "createdAt": {
    "$date": "2023-04-08T10:41:44.909Z"
  },
  "__v": 0,
  "birthDate": "Tue Jun 05 1990"
}]