[{
  "_id": {
    "$oid": "64118c1aa60d3953301be825"
  },
  "type": "account",
  "desc": "account created successfully",
  "cropId": "CROP50000001",
  "createdAt": {
    "$date": "2023-03-15T09:12:58.290Z"
  },
  "__v": 0
},{
  "_id": {
    "$oid": "64118c6da60d3953301be828"
  },
  "type": "account",
  "desc": "account login successfully",
  "cropId": "CROP50000001",
  "createdAt": {
    "$date": "2023-03-15T09:14:21.591Z"
  },
  "__v": 0
},{
  "_id": {
    "$oid": "64143669df14fd9876dd7774"
  },
  "type": "account",
  "desc": "account created successfully",
  "cropId": "CRB",
  "createdAt": {
    "$date": "2023-03-17T09:44:09.926Z"
  },
  "__v": 0
},{
  "_id": {
    "$oid": "64143719df14fd9876dd777a"
  },
  "type": "account",
  "desc": "account created successfully",
  "cropId": "CRB",
  "createdAt": {
    "$date": "2023-03-17T09:47:05.316Z"
  },
  "__v": 0
},{
  "_id": {
    "$oid": "6414376edf14fd9876dd777f"
  },
  "type": "account",
  "desc": "account created successfully",
  "cropId": "CRB",
  "createdAt": {
    "$date": "2023-03-17T09:48:30.713Z"
  },
  "__v": 0
},{
  "_id": {
    "$oid": "64143825df14fd9876dd7785"
  },
  "type": "account",
  "desc": "account created successfully",
  "cropId": "CRB",
  "createdAt": {
    "$date": "2023-03-17T09:51:33.984Z"
  },
  "__v": 0
},{
  "_id": {
    "$oid": "6414384fdf14fd9876dd778a"
  },
  "type": "account",
  "desc": "account created successfully",
  "cropId": "CRB",
  "createdAt": {
    "$date": "2023-03-17T09:52:15.985Z"
  },
  "__v": 0
},{
  "_id": {
    "$oid": "641438a6df14fd9876dd778f"
  },
  "type": "account",
  "desc": "account created successfully",
  "cropId": "CRB",
  "createdAt": {
    "$date": "2023-03-17T09:53:42.739Z"
  },
  "__v": 0
},{
  "_id": {
    "$oid": "641438e4df14fd9876dd7794"
  },
  "type": "account",
  "desc": "account created successfully",
  "cropId": "CRB",
  "createdAt": {
    "$date": "2023-03-17T09:54:44.177Z"
  },
  "__v": 0
},{
  "_id": {
    "$oid": "64143990df14fd9876dd7799"
  },
  "type": "account",
  "desc": "account created successfully",
  "cropId": "CRB",
  "createdAt": {
    "$date": "2023-03-17T09:57:36.577Z"
  },
  "__v": 0
},{
  "_id": {
    "$oid": "641439eddf14fd9876dd779e"
  },
  "type": "account",
  "desc": "account created successfully",
  "cropId": "CRB",
  "createdAt": {
    "$date": "2023-03-17T09:59:09.531Z"
  },
  "__v": 0
},{
  "_id": {
    "$oid": "64143e08df14fd9876dd77a3"
  },
  "type": "account",
  "desc": "account created successfully",
  "cropId": "CRB",
  "createdAt": {
    "$date": "2023-03-17T10:16:40.260Z"
  },
  "__v": 0
},{
  "_id": {
    "$oid": "64143e44df14fd9876dd77a8"
  },
  "type": "account",
  "desc": "account created successfully",
  "cropId": "CRB",
  "createdAt": {
    "$date": "2023-03-17T10:17:40.455Z"
  },
  "__v": 0
},{
  "_id": {
    "$oid": "64143e88df14fd9876dd77ad"
  },
  "type": "account",
  "desc": "account created successfully",
  "cropId": "CRB",
  "createdAt": {
    "$date": "2023-03-17T10:18:48.966Z"
  },
  "__v": 0
},{
  "_id": {
    "$oid": "64143eb3df14fd9876dd77b2"
  },
  "type": "account",
  "desc": "account created successfully",
  "cropId": "CRB",
  "createdAt": {
    "$date": "2023-03-17T10:19:31.005Z"
  },
  "__v": 0
},{
  "_id": {
    "$oid": "64143ed6df14fd9876dd77b7"
  },
  "type": "account",
  "desc": "account created successfully",
  "cropId": "CRB",
  "createdAt": {
    "$date": "2023-03-17T10:20:06.500Z"
  },
  "__v": 0
},{
  "_id": {
    "$oid": "64143f07df14fd9876dd77bc"
  },
  "type": "account",
  "desc": "account created successfully",
  "cropId": "CRB",
  "createdAt": {
    "$date": "2023-03-17T10:20:55.582Z"
  },
  "__v": 0
},{
  "_id": {
    "$oid": "64143f4cdf14fd9876dd77c2"
  },
  "type": "account",
  "desc": "account created successfully",
  "cropId": "CRB",
  "createdAt": {
    "$date": "2023-03-17T10:22:04.682Z"
  },
  "__v": 0
},{
  "_id": {
    "$oid": "64143f73df14fd9876dd77c7"
  },
  "type": "account",
  "desc": "account created successfully",
  "cropId": "CRB",
  "createdAt": {
    "$date": "2023-03-17T10:22:43.260Z"
  },
  "__v": 0
},{
  "_id": {
    "$oid": "64144187df14fd9876dd77db"
  },
  "type": "account",
  "desc": "account created successfully",
  "cropId": "CRB",
  "createdAt": {
    "$date": "2023-03-17T10:31:35.037Z"
  },
  "__v": 0
},{
  "_id": {
    "$oid": "64145b228573f640e25103b9"
  },
  "type": "account",
  "desc": "account login successfully",
  "cropId": "CRB",
  "createdAt": {
    "$date": "2023-03-17T12:20:50.576Z"
  },
  "__v": 0
},{
  "_id": {
    "$oid": "64145b658573f640e25103bc"
  },
  "type": "account",
  "desc": "account login successfully",
  "cropId": "CRB",
  "createdAt": {
    "$date": "2023-03-17T12:21:57.633Z"
  },
  "__v": 0
},{
  "_id": {
    "$oid": "64145b708573f640e25103bf"
  },
  "type": "account",
  "desc": "account login successfully",
  "cropId": "CRB",
  "createdAt": {
    "$date": "2023-03-17T12:22:08.023Z"
  },
  "__v": 0
},{
  "_id": {
    "$oid": "64145b758573f640e25103c2"
  },
  "type": "account",
  "desc": "account login successfully",
  "cropId": "CRB",
  "createdAt": {
    "$date": "2023-03-17T12:22:13.209Z"
  },
  "__v": 0
},{
  "_id": {
    "$oid": "64145bf98573f640e25103c5"
  },
  "type": "account",
  "desc": "account login successfully",
  "cropId": "CRB",
  "createdAt": {
    "$date": "2023-03-17T12:24:25.410Z"
  },
  "__v": 0
},{
  "_id": {
    "$oid": "64145c368573f640e25103c9"
  },
  "type": "account",
  "desc": "account login successfully",
  "cropId": "CRB",
  "createdAt": {
    "$date": "2023-03-17T12:25:26.067Z"
  },
  "__v": 0
},{
  "_id": {
    "$oid": "64145d0d8573f640e25103d6"
  },
  "type": "account",
  "desc": "account login successfully",
  "cropId": "CRB",
  "createdAt": {
    "$date": "2023-03-17T12:29:01.781Z"
  },
  "__v": 0
},{
  "_id": {
    "$oid": "64145d158573f640e25103da"
  },
  "type": "account",
  "desc": "account login successfully",
  "cropId": "CRB",
  "createdAt": {
    "$date": "2023-03-17T12:29:09.126Z"
  },
  "__v": 0
},{
  "_id": {
    "$oid": "64145d3e8573f640e25103e1"
  },
  "type": "account",
  "desc": "account login successfully",
  "cropId": "CRB",
  "createdAt": {
    "$date": "2023-03-17T12:29:50.978Z"
  },
  "__v": 0
},{
  "_id": {
    "$oid": "64145d458573f640e25103e5"
  },
  "type": "account",
  "desc": "account login successfully",
  "cropId": "CRB",
  "createdAt": {
    "$date": "2023-03-17T12:29:57.002Z"
  },
  "__v": 0
},{
  "_id": {
    "$oid": "64145d658573f640e25103ec"
  },
  "type": "account",
  "desc": "account login successfully",
  "cropId": "CRB",
  "createdAt": {
    "$date": "2023-03-17T12:30:29.404Z"
  },
  "__v": 0
},{
  "_id": {
    "$oid": "64145d6a8573f640e25103f0"
  },
  "type": "account",
  "desc": "account login successfully",
  "cropId": "CRB",
  "createdAt": {
    "$date": "2023-03-17T12:30:34.451Z"
  },
  "__v": 0
},{
  "_id": {
    "$oid": "641968002041387efb5a9d65"
  },
  "type": "account",
  "desc": "account login successfully",
  "cropId": "CRB",
  "createdAt": {
    "$date": "2023-03-21T08:17:04.635Z"
  },
  "__v": 0
},{
  "_id": {
    "$oid": "641968462041387efb5a9d69"
  },
  "type": "account",
  "desc": "account login successfully",
  "cropId": "CRB",
  "createdAt": {
    "$date": "2023-03-21T08:18:14.079Z"
  },
  "__v": 0
},{
  "_id": {
    "$oid": "641a954f5d5751fb61e517b8"
  },
  "type": "account",
  "desc": "account login successfully",
  "cropId": "CRB",
  "createdAt": {
    "$date": "2023-03-22T05:42:39.777Z"
  },
  "__v": 0
},{
  "_id": {
    "$oid": "641a955c5d5751fb61e517bc"
  },
  "type": "account",
  "desc": "account login successfully",
  "cropId": "CRB",
  "createdAt": {
    "$date": "2023-03-22T05:42:52.576Z"
  },
  "__v": 0
},{
  "_id": {
    "$oid": "641ad54cd6d862d264d20335"
  },
  "type": "account",
  "desc": "account login successfully",
  "cropId": "CRB",
  "createdAt": {
    "$date": "2023-03-22T10:15:40.094Z"
  },
  "__v": 0
},{
  "_id": {
    "$oid": "641ad552d6d862d264d2033a"
  },
  "type": "account",
  "desc": "account login successfully",
  "cropId": "CRB",
  "createdAt": {
    "$date": "2023-03-22T10:15:46.115Z"
  },
  "__v": 0
}]