[{
  "_id": {
    "$oid": "642cf884a6d6d94888b4193f"
  },
  "pickup": true,
  "delivery": true,
  "deliveryDetails": {
    "deliveryAgainstCrops": {
      "isTrue": true,
      "cropValueForDelivery": 40
    },
    "deliveryAgainstPayment": {
      "isTrue": true,
      "deliveryChargesAUD": 50
    }
  },
  "workingDayAndHours": {
    "sunday": {
      "working": true,
      "operatingHours": {
        "from": "13:58",
        "to": "02:58"
      }
    },
    "monday": {
      "working": true,
      "operatingHours": {
        "from": "12:57",
        "to": "14:00"
      }
    },
    "tuesday": {
      "working": true,
      "operatingHours": {
        "from": "13:57",
        "to": "12:57"
      }
    },
    "wednesday": {
      "working": false,
      "operatingHours": {
        "from": "",
        "to": ""
      }
    },
    "thursday": {
      "working": true,
      "operatingHours": {
        "from": "13:00",
        "to": "13:59"
      }
    },
    "friday": {
      "working": false,
      "operatingHours": {
        "from": "",
        "to": ""
      }
    },
    "saturday": {
      "working": true,
      "operatingHours": {
        "from": "23:57",
        "to": "00:57"
      }
    }
  },
  "businessId": {
    "$oid": "642a7b46e8b0a4959b98a0d9"
  },
  "__v": 0
},{
  "_id": {
    "$oid": "6433e363aa8b552f27fe407e"
  },
  "pickup": true,
  "delivery": true,
  "deliveryDetails": {
    "deliveryAgainstCrops": {
      "isTrue": true,
      "cropValueForDelivery": 100
    },
    "deliveryAgainstPayment": {
      "isTrue": true,
      "deliveryChargesAUD": 100
    }
  },
  "workingDayAndHours": {
    "sunday": {
      "operatingHours": {
        "from": "10:15",
        "to": "12:23"
      },
      "working": true
    },
    "monday": {
      "operatingHours": {
        "from": "",
        "to": ""
      },
      "working": false
    },
    "tuesday": {
      "operatingHours": {
        "from": "10:14",
        "to": "13:18"
      },
      "working": true
    },
    "wednesday": {
      "operatingHours": {
        "from": "",
        "to": ""
      },
      "working": false
    },
    "thursday": {
      "operatingHours": {
        "from": "",
        "to": ""
      },
      "working": false
    },
    "friday": {
      "operatingHours": {
        "from": "",
        "to": ""
      },
      "working": false
    },
    "saturday": {
      "operatingHours": {
        "from": ""
      },
      "working": false
    }
  },
  "businessId": {
    "$oid": "6433d91e7bd421f5204d3847"
  },
  "__v": 0
}]