[{
  "_id": {
    "$oid": "642e9dd8ac6b32e46d25d14e"
  },
  "email": "sridharar4774@gmail.com",
  "otp": 344758,
  "otpType": "Business Registration",
  "verified": false,
  "userType": "Business",
  "__v": 0
},{
  "_id": {
    "$oid": "642e9e27c67df5360419afd7"
  },
  "email": "sridharar4774@gmail.com",
  "otp": 702997,
  "otpType": "Business Registration",
  "verified": false,
  "userType": "Business",
  "__v": 0
},{
  "_id": {
    "$oid": "642e9e4bc67df5360419afda"
  },
  "email": "sridharar4774@gmail.com",
  "otp": 816278,
  "otpType": "Business Registration",
  "verified": false,
  "userType": "Business",
  "__v": 0
},{
  "_id": {
    "$oid": "642e9ed21e78d0c8358704d5"
  },
  "email": "sridharsp4774@gmail.com",
  "otp": 742446,
  "otpType": "Business Registration",
  "verified": false,
  "userType": "Business",
  "__v": 0
},{
  "_id": {
    "$oid": "642e9f0bc812d517d4e1ba0d"
  },
  "email": "sridharar4774@gmail.com",
  "otp": 993366,
  "otpType": "Business Registration",
  "verified": false,
  "userType": "Business",
  "__v": 0
},{
  "_id": {
    "$oid": "642e9f14c812d517d4e1ba0f"
  },
  "email": "sridharar4774@gmail.com",
  "otp": 666803,
  "otpType": "Business Registration",
  "verified": false,
  "userType": "Business",
  "__v": 0
},{
  "_id": {
    "$oid": "642e9f33c812d517d4e1ba11"
  },
  "email": "sridharsp4774@gmail.com",
  "otp": 442226,
  "otpType": "Business Registration",
  "verified": false,
  "userType": "Business",
  "__v": 0
},{
  "_id": {
    "$oid": "642ea0b6504282cd0abd2a26"
  },
  "email": "veerahema.k@gmail.com",
  "otp": 896007,
  "otpType": "Business Registration",
  "verified": false,
  "userType": "Business",
  "__v": 0
},{
  "_id": {
    "$oid": "642ea285960791c9efedbde7"
  },
  "email": "sridharar4774@gmail.com",
  "otp": 827351,
  "otpType": "Business Registration",
  "verified": false,
  "userType": "Business",
  "__v": 0
},{
  "_id": {
    "$oid": "642ea2a6960791c9efedbdea"
  },
  "email": "veerahema.k@gmail.com",
  "otp": 958550,
  "otpType": "Business Registration",
  "verified": false,
  "userType": "Business",
  "__v": 0
},{
  "_id": {
    "$oid": "642ea3ba960791c9efedbded"
  },
  "email": "veerahema.k@gmail.com",
  "otp": 899308,
  "otpType": "Business Registration",
  "verified": false,
  "userType": "Business",
  "__v": 0
},{
  "_id": {
    "$oid": "642ea60eca8522a8a04e7c57"
  },
  "email": "sridharar4774@gmail.com",
  "otp": 178223,
  "otpType": "Business Registration",
  "verified": true,
  "userType": "Business",
  "__v": 0
},{
  "_id": {
    "$oid": "642eaad25d878a19d3b4ee98"
  },
  "email": "veerahema.k@gmail.com",
  "otp": 885748,
  "otpType": "Business Registration",
  "verified": false,
  "userType": "Business",
  "__v": 0
},{
  "_id": {
    "$oid": "642eabae82ec6484ed8e4e46"
  },
  "email": "veerahema.k@gmail.com",
  "otp": 680609,
  "otpType": "Business Registration",
  "verified": false,
  "userType": "Business",
  "__v": 0
},{
  "_id": {
    "$oid": "642eae98aa759942ba9efee4"
  },
  "email": "veerahema.k@gmail.com",
  "otp": 371266,
  "otpType": "Business Registration",
  "verified": false,
  "userType": "Business",
  "__v": 0
},{
  "_id": {
    "$oid": "642eb056b753414ac8dd9c44"
  },
  "email": "veerahema.k@gmail.com",
  "otp": 794980,
  "otpType": "Business Registration",
  "verified": false,
  "userType": "Business",
  "__v": 0
},{
  "_id": {
    "$oid": "642eb2791593f46f7fbd9459"
  },
  "email": "veerahema.k@gmail.com",
  "otp": 299749,
  "otpType": "Business Registration",
  "verified": false,
  "userType": "Business",
  "__v": 0
},{
  "_id": {
    "$oid": "642eb39c1593f46f7fbd945e"
  },
  "email": "veerahema.k@gmail.com",
  "otp": 485584,
  "otpType": "Business Registration",
  "verified": false,
  "userType": "Business",
  "__v": 0
},{
  "_id": {
    "$oid": "642eb56d0cc8667a9724d44b"
  },
  "email": "veerahema.k@gmail.com",
  "otp": 179494,
  "otpType": "Business Registration",
  "verified": false,
  "userType": "Business",
  "__v": 0
},{
  "_id": {
    "$oid": "642eb5df0cc8667a9724d44e"
  },
  "email": "veerahema.k@gmail.com",
  "otp": 632526,
  "otpType": "Business Registration",
  "verified": false,
  "userType": "Business",
  "__v": 0
},{
  "_id": {
    "$oid": "642eb63aa54e6b7beab61f39"
  },
  "email": "veerahema.k@gmail.com",
  "otp": 803515,
  "otpType": "Business Registration",
  "verified": false,
  "userType": "Business",
  "__v": 0
},{
  "_id": {
    "$oid": "642eb721df115686d784255d"
  },
  "email": "veerahema.k@gmail.com",
  "otp": 753969,
  "otpType": "Business Registration",
  "verified": false,
  "userType": "Business",
  "__v": 0
},{
  "_id": {
    "$oid": "642fd880478c3b06e4c02396"
  },
  "email": "veerahema.k@gmail.com",
  "otp": 954206,
  "otpType": "Business Registration",
  "verified": false,
  "userType": "Business",
  "__v": 0
},{
  "_id": {
    "$oid": "642fda21c719402d57f2cabc"
  },
  "email": "veerahema.k@gmail.com",
  "otp": 958106,
  "otpType": "Business Registration",
  "verified": false,
  "userType": "Business",
  "__v": 0
},{
  "_id": {
    "$oid": "642fdc023c3155f6692cf1e8"
  },
  "email": "veerahema.k@gmail.com",
  "otp": 233674,
  "otpType": "Business Registration",
  "verified": false,
  "userType": "Business",
  "__v": 0
},{
  "_id": {
    "$oid": "642fddb368be15a3d801bffd"
  },
  "email": "veerahema.k@gmail.com",
  "otp": 304551,
  "otpType": "Business Registration",
  "verified": true,
  "userType": "Business",
  "__v": 0
},{
  "_id": {
    "$oid": "642fe0cd17ecb2b84c4283df"
  },
  "email": "veerahema.k@gmail.com",
  "otp": 945373,
  "otpType": "Business Registration",
  "verified": false,
  "userType": "Business",
  "__v": 0
},{
  "_id": {
    "$oid": "642fe1e143d512dfe650a48a"
  },
  "email": "veerahema.k@gmail.com",
  "otp": 416455,
  "otpType": "Business Registration",
  "verified": false,
  "userType": "Business",
  "__v": 0
},{
  "_id": {
    "$oid": "642fe8746e43a6ac191c7f5f"
  },
  "email": "veerahema.k@gmail.com",
  "otp": 258941,
  "otpType": "Business Registration",
  "verified": true,
  "userType": "Business",
  "__v": 0
},{
  "_id": {
    "$oid": "642feb343321c91404b455c4"
  },
  "email": "veerahema.k@gmail.com",
  "otp": 726241,
  "otpType": "Business Registration",
  "verified": true,
  "userType": "Business",
  "__v": 0
},{
  "_id": {
    "$oid": "642fed60539febebb767a8ca"
  },
  "email": "sridharsp4774@gmail.com",
  "otp": 832588,
  "otpType": "Business Reset Password",
  "verified": false,
  "userType": "Business",
  "__v": 0
},{
  "_id": {
    "$oid": "642feda2539febebb767a8ce"
  },
  "email": "sridharsp4774@gmail.com",
  "otp": 114425,
  "otpType": "Business Reset Password",
  "verified": true,
  "userType": "Business",
  "__v": 0
},{
  "_id": {
    "$oid": "642ff0dc40bc9cc6f2841665"
  },
  "email": "sridharsp4774@gmail.com",
  "otp": 988286,
  "otpType": "Business Reset Password",
  "verified": true,
  "userType": "Business",
  "__v": 0
},{
  "_id": {
    "$oid": "6430edb62c3a95f9842540d7"
  },
  "email": "veerahema.k@gmail.com",
  "otp": 955186,
  "otpType": "Business Registration",
  "verified": true,
  "userType": "Business",
  "__v": 0
},{
  "_id": {
    "$oid": "6433d37e03a970bb517e5d83"
  },
  "email": "pradeepswain2165@gmail.com",
  "otp": 374105,
  "otpType": "Business Registration",
  "verified": true,
  "userType": "Business",
  "__v": 0
}]