[{
  "_id": {
    "$oid": "64196ccc210d39fa86bdd1a6"
  },
  "sku": "sku",
  "title": "New Product Updated",
  "parent": "New PArent",
  "children": "Ear Phone",
  "tags": [],
  "image": "https://images.unsplash.com/photo-1505740420928-5e560c06d30e?ixlib=rb-4.0.3&ixid=MnwxMjA3fDB8MHxzZWFyY2h8M3x8cHJvZHVjdHxlbnwwfHwwfHw%3D&w=1000&q=80",
  "originalPrice": 399,
  "price": 359.1,
  "discount": 10,
  "shortDescription": "ear",
  "description": "It is an new earphone",
  "brand": "New Brand",
  "unit": "120",
  "quantity": 300,
  "croppoints": 120000,
  "colors": [],
  "apply": "redeemCrop",
  "type": "12349",
  "itemInfo": "We can listen audio",
  "status": "market",
  "customiseMsg": "Thanks for buying this amazing product",
  "mktOfferFor": "promoteOffer",
  "bidPrice": 150,
  "rating": 0,
  "likes": 0,
  "sector": "shops",
  "categoryId": {
    "$oid": "63ef48f23bc1be99b8cd6ee0"
  },
  "subCategoryId": {
    "$oid": "6411569b4dcbd807e75ce513"
  },
  "createdAt": {
    "$date": "2023-03-21T08:37:32.187Z"
  },
  "updatedAt": {
    "$date": "2023-03-24T09:02:25.536Z"
  },
  "__v": 0,
  "availDate": {
    "fromDate": {
      "$date": "2023-03-26T00:00:00.000Z"
    },
    "toDate": {
      "$date": "2023-03-31T00:00:00.000Z"
    }
  },
  "user": {
    "$oid": "64144186df14fd9876dd77d9"
  }
},{
  "_id": {
    "$oid": "64196c40274d50ecb32f659b"
  },
  "sku": "sku",
  "title": "New Product",
  "parent": "New PArent",
  "children": "Ear Phone",
  "tags": [],
  "image": "https://images.unsplash.com/photo-1505740420928-5e560c06d30e?ixlib=rb-4.0.3&ixid=MnwxMjA3fDB8MHxzZWFyY2h8M3x8cHJvZHVjdHxlbnwwfHwwfHw%3D&w=1000&q=80",
  "originalPrice": 3999,
  "price": 3599.1,
  "discount": 10,
  "shortDescription": "ear",
  "description": "It is an new earphone",
  "brand": "New Brand",
  "unit": "12",
  "quantity": 400,
  "croppoints": 120,
  "colors": [],
  "apply": "redeemCrop",
  "type": "12345",
  "itemInfo": "We con listen audio",
  "status": "active",
  "customiseMsg": "Thanks for buying this amazing product",
  "mktOfferFor": "topRankOffer",
  "bidPrice": 0,
  "rating": 0,
  "likes": 0,
  "sector": "shops",
  "categoryId": {
    "$oid": "63ef48f23bc1be99b8cd6ee0"
  },
  "subCategoryId": {
    "$oid": "6411569b4dcbd807e75ce513"
  },
  "createdAt": {
    "$date": "2023-03-21T08:35:12.297Z"
  },
  "updatedAt": {
    "$date": "2023-03-30T09:50:33.724Z"
  },
  "__v": 0,
  "user": {
    "$oid": "64144186df14fd9876dd77d9"
  }
},{
  "_id": {
    "$oid": "641d475113b5204cf04fd530"
  },
  "title": "IQOO",
  "children": "phone",
  "image": "https://img.lovepik.com/free-png/20210928/lovepik-mobile-phone-png-image_401663651_wh1200.png",
  "originalPrice": 33000,
  "price": 29700,
  "discount": 10,
  "shortDescription": "Short DEscription",
  "description": "Description",
  "brand": "IQOO",
  "quantity": 1000,
  "croppoints": 100,
  "apply": "earnCrop",
  "type": "Top Rank",
  "itemInfo": "Item info",
  "status": "active",
  "customiseMsg": "Thanks",
  "mktOfferFor": "topRankOffer",
  "bidPrice": null,
  "rating": 0,
  "likes": 0,
  "user": {
    "$oid": "64144186df14fd9876dd77d9"
  },
  "sector": "shops",
  "createdAt": {
    "$date": "2023-03-24T06:46:41.357Z"
  },
  "updatedAt": {
    "$date": "2023-03-24T06:46:41.357Z"
  },
  "__v": 0
},{
  "_id": {
    "$oid": "641d4abc8ee199de4a625421"
  },
  "title": "Samsung M2",
  "children": "Phone",
  "image": "https://encrypted-tbn0.gstatic.com/images?q=tbn:ANd9GcT2monZwLT9AP1qLH5XU5M12dVVPI4BQi1ro5aZHban3rNHcK5PNMq0miMoDRIrcWPQdsQ&usqp=CAU",
  "originalPrice": 18000,
  "price": 16200,
  "discount": 10,
  "shortDescription": "Phone",
  "description": "Amazing Phone",
  "brand": "Samsung",
  "quantity": 100,
  "croppoints": 100,
  "apply": "redeemCrop",
  "type": "Top Rank",
  "itemInfo": "Item Info",
  "status": "active",
  "customiseMsg": "Thanks for buying this product",
  "mktOfferFor": "topRankOffer",
  "bidPrice": 199,
  "rating": 0,
  "likes": 0,
  "user": {
    "$oid": "64144186df14fd9876dd77d9"
  },
  "sector": "shops",
  "createdAt": {
    "$date": "2023-03-24T07:01:16.153Z"
  },
  "updatedAt": {
    "$date": "2023-03-24T09:07:13.152Z"
  },
  "__v": 0,
  "availDate": {
    "fromDate": {
      "$date": "2023-03-27T00:00:00.000Z"
    },
    "toDate": {
      "$date": "2023-03-28T00:00:00.000Z"
    }
  }
},{
  "_id": {
    "$oid": "641d8656a98f25b7232d31ff"
  },
  "title": "Laptop E214",
  "children": "laptop",
  "image": "https://i.dell.com/is/image/DellContent/content/da…ode=sharp2&size=3491,2077&chrss=full&imwidth=5000",
  "originalPrice": 80000,
  "price": 72000,
  "discount": 10,
  "shortDescription": "awesome laptop",
  "description": "This is an awasome laptop",
  "brand": "Dell",
  "quantity": 30,
  "croppoints": 12,
  "apply": "earnCrop",
  "itemInfo": "Mid Spec laptop",
  "status": "active",
  "customiseMsg": "Thanks for buying this amazing product",
  "mktOfferFor": "",
  "bidPrice": 0,
  "rating": 0,
  "likes": 0,
  "user": {
    "$oid": "64144186df14fd9876dd77d9"
  },
  "sector": "shop",
  "createdAt": {
    "$date": "2023-03-24T11:15:34.808Z"
  },
  "updatedAt": {
    "$date": "2023-03-24T11:15:34.808Z"
  },
  "__v": 0
},{
  "_id": {
    "$oid": "641d86ada98f25b7232d3201"
  },
  "title": "Laptop XPS",
  "children": "laptop",
  "image": "https://static.independent.co.uk/2021/07/20/17/Dell%20XPS%2015.jpg",
  "originalPrice": 80000,
  "price": 72000,
  "discount": 10,
  "shortDescription": "awesome laptop",
  "description": "This is an awasome laptop",
  "brand": "Dell",
  "quantity": 30,
  "croppoints": 12,
  "apply": "earnCrop",
  "itemInfo": "Mid Spec laptop",
  "status": "active",
  "customiseMsg": "Thanks for buying this amazing product",
  "mktOfferFor": "",
  "bidPrice": 0,
  "rating": 0,
  "likes": 0,
  "user": {
    "$oid": "64144186df14fd9876dd77d9"
  },
  "sector": "shop",
  "createdAt": {
    "$date": "2023-03-24T11:17:01.448Z"
  },
  "updatedAt": {
    "$date": "2023-03-24T11:17:01.448Z"
  },
  "__v": 0
},{
  "_id": {
    "$oid": "641d8706a98f25b7232d3203"
  },
  "title": "Asus vivobook",
  "children": "laptop",
  "image": "https://www.asus.com/media/Odin/Websites/global/Series/9.png",
  "originalPrice": 80000,
  "price": 72000,
  "discount": 10,
  "shortDescription": "awesome laptop",
  "description": "This is an awasome laptop",
  "brand": "Asus",
  "quantity": 30,
  "croppoints": 12,
  "apply": "earnCrop",
  "itemInfo": "Mid Spec laptop",
  "status": "active",
  "customiseMsg": "Thanks for buying this amazing product",
  "mktOfferFor": "",
  "bidPrice": 0,
  "rating": 0,
  "likes": 0,
  "user": {
    "$oid": "64144186df14fd9876dd77d9"
  },
  "sector": "shop",
  "createdAt": {
    "$date": "2023-03-24T11:18:30.823Z"
  },
  "updatedAt": {
    "$date": "2023-03-24T11:18:30.823Z"
  },
  "__v": 0
},{
  "_id": {
    "$oid": "6425573eb0771845a8c7cc16"
  },
  "title": "Ear Phone",
  "image": "https://www.asus.com/media/Odin/Websites/global/Series/9.png",
  "originalPrice": 50,
  "price": 42.5,
  "discount": 15,
  "description": "This is an awasome Earphone",
  "brand": "Boat",
  "quantity": 200,
  "croppoints": 15,
  "apply": "both",
  "status": "inActive",
  "customiseMsg": "Thanks for buying this amazing product",
  "mktOfferFor": "topRankOffer",
  "bidPrice": 0,
  "rating": 0,
  "likes": 0,
  "user": {
    "$oid": "64144186df14fd9876dd77d9"
  },
  "sector": "active",
  "createdAt": {
    "$date": "2023-03-30T09:32:46.027Z"
  },
  "updatedAt": {
    "$date": "2023-03-30T09:32:46.027Z"
  },
  "__v": 0
}]