[{
  "_id": {
    "$oid": "63ff249df959b0e40b747f6f"
  },
  "name": {
    "fName": "Siva",
    "mName": "R",
    "lName": "Rishi"
  },
  "cropid": 100002,
  "croppoints": 108900,
  "password": "$2b$10$9Giw7.kZ6.O8pfC2p.dHpOVppB83YrTBQUTOmIJdN6E2J8BZk8766",
  "mobileNumber": "",
  "email": "vigneshraaj19@gmail.com",
  "UserTitle": "Mr",
  "UserTier": "Diamond",
  "gender": "Male",
  "terms": true,
  "biometricterms": true,
  "notification": false,
  "promocode": "",
  "refercode": "zR4hjAGPD",
  "loyaltyList": 1,
  "interestList": null,
  "dob": {
    "$date": "1989-06-08T00:00:00.000Z"
  },
  "agegroup": "From 18 to 35",
  "avatar": "C:\\Users\\Dell\\Desktop\\themeforest-5fJe2Dq8-harri-electronics-ecommerce-react-next-js-template\\harri-shop-server/uploads/6a276273-58d6-41b0-8f4c-fe8e11f144af4078676383660245994.jpg",
  "mktNotification": true,
  "smsNotification": true,
  "emailNotification": true,
  "feedback": "4",
  "__v": 0,
  "token": "eyJhbGciOiJIUzI1NiIsInR5cCI6IkpXVCJ9.eyJlbWFpbCI6InZpZ25lc2hyYWFqMTlAZ21haWwuY29tIiwiaWF0IjoxNjgxMTIyNTU0fQ.8HjwCAxWEyNBC1JSBusPIiG6C3A2at4JbhThUvke7w8",
  "login_method": 2,
  "auditTrail": [
    "The usertier changed to Diamond on 10/4/2023"
  ],
  "status": "suspended",
  "propid": 134255,
  "proppoints": 0,
  "address": [
    {
      "line1": "52 Todd Street",
      "line2": "Western Australia",
      "line3": " Strathalbyn",
      "state": "Tasmania",
      "pin": "6530"
    },
    {
      "line1": "52 Todd Street",
      "line2": "Western Australia",
      "line3": " Strathalbyn",
      "state": "Tasmania",
      "pin": "6530"
    },
    {
      "line1": "52 Todd Street",
      "line2": "Western Australia",
      "line3": " Strathalbyn",
      "state": "Tasmania",
      "pin": "6530"
    }
  ]
},{
  "_id": {
    "$oid": "642c0bf06225af11a4e9a340"
  },
  "name": {
    "fName": "Ananthi",
    "mName": "Satheesh",
    "lName": "S"
  },
  "propid": 134256,
  "cropid": 100003,
  "croppoints": 2700,
  "proppoints": 0,
  "password": "$2b$10$3uFQScF1URHli09vdmYsve1yXkEQN3Qh/sYBJoefFF/zwmScKMFw6",
  "mobileNumber": "",
  "email": "ananthisiva9@gmail.com",
  "UserTitle": "Mrs",
  "UserTier": "Diamond",
  "gender": null,
  "terms": true,
  "biometricterms": false,
  "notification": false,
  "promocode": "",
  "refercode": "XyQluVUAi",
  "status": "suspended",
  "login_method": 2,
  "loyaltyList": null,
  "interestList": null,
  "dob": null,
  "agegroup": null,
  "avatar": null,
  "mktNotification": true,
  "smsNotification": true,
  "emailNotification": true,
  "feedback": null,
  "auditTrail": [
    "The usertier changed to Diamond on 5/4/2023"
  ],
  "signUpDate": "4/4/2023",
  "address": [],
  "__v": 0,
  "token": "eyJhbGciOiJIUzI1NiIsInR5cCI6IkpXVCJ9.eyJlbWFpbCI6ImFuYW50aGlzaXZhOUBnbWFpbC5jb20iLCJpYXQiOjE2ODA3NzYwODZ9.ogfXNEyEN4OIOrX2seq_Sj7_5nDe9gB1nUd4XPUdXvo"
},{
  "_id": {
    "$oid": "6433cc8279495c4233562ecb"
  },
  "name": {
    "fName": "pradeep",
    "mName": "kumar",
    "lName": "swain"
  },
  "propid": 134257,
  "cropid": 100004,
  "croppoints": 0,
  "proppoints": 0,
  "password": "$2b$10$KCuzzuAeLTkGyoZH/Firdu4kVXKHOyVM/SXpymfcrgAUy63VOc24a",
  "mobileNumber": "7829744718",
  "email": "pradeepswain2165@gmail.com",
  "UserTitle": "Mr",
  "UserTier": "Base",
  "gender": null,
  "terms": true,
  "biometricterms": false,
  "notification": true,
  "promocode": "",
  "refercode": "svwlh1-gk",
  "status": "deactivated",
  "login_method": 2,
  "loyaltyList": null,
  "interestList": null,
  "dob": null,
  "agegroup": null,
  "avatar": null,
  "mktNotification": true,
  "smsNotification": true,
  "emailNotification": true,
  "feedback": null,
  "auditTrail": [
    "You have successfully registered your profile on 10/4/2023"
  ],
  "signUpDate": "10/4/2023",
  "address": [],
  "__v": 0,
  "token": "eyJhbGciOiJIUzI1NiIsInR5cCI6IkpXVCJ9.eyJlbWFpbCI6InByYWRlZXBzd2FpbjIxNjVAZ21haWwuY29tIiwiaWF0IjoxNjgxMTE2MzAwfQ.l5zJcWgl2MwRqM1qD-tzZiYtVH0IalYAADrSbozG7zw"
},{
  "_id": {
    "$oid": "6433d20003a970bb517e5d74"
  },
  "name": {
    "fName": "Sridhar"
  },
  "propid": 134258,
  "cropid": 100005,
  "croppoints": 0,
  "proppoints": 0,
  "password": "$2b$10$IAHPo5.dCyJ25LZY1kQ2duYOCUcvtaEFF3OdkaTdawKltZU//NXGO",
  "mobileNumber": "9345507214",
  "email": "sridharsp4774@gmail.com",
  "UserTitle": "Mr",
  "UserTier": "Base",
  "gender": null,
  "terms": true,
  "biometricterms": false,
  "notification": true,
  "promocode": "",
  "refercode": "4v6Sy8a02",
  "status": "active",
  "login_method": 2,
  "loyaltyList": null,
  "interestList": null,
  "dob": null,
  "agegroup": null,
  "avatar": null,
  "mktNotification": true,
  "smsNotification": true,
  "emailNotification": true,
  "feedback": null,
  "auditTrail": [
    "You have successfully registered your profile on 10/4/2023"
  ],
  "signUpDate": "10/4/2023",
  "address": [],
  "__v": 0
},{
  "_id": {
    "$oid": "6433d23903a970bb517e5d7a"
  },
  "name": {
    "fName": "Gopinath"
  },
  "propid": 134259,
  "cropid": 100006,
  "croppoints": 0,
  "proppoints": 0,
  "password": "$2b$10$5kdyqMXicBZJrL.dl8cRbe2eubU0RooElJDhcASRdBRSrI7VsmDti",
  "mobileNumber": "987654321",
  "email": "gopinathjayakumar@gmail.com",
  "UserTitle": "Mr",
  "UserTier": "Base",
  "gender": null,
  "terms": true,
  "biometricterms": false,
  "notification": true,
  "promocode": "",
  "refercode": "F7o5NmYrG",
  "status": "presuspend",
  "login_method": 2,
  "loyaltyList": null,
  "interestList": null,
  "dob": null,
  "agegroup": null,
  "avatar": null,
  "mktNotification": true,
  "smsNotification": true,
  "emailNotification": true,
  "feedback": null,
  "auditTrail": [
    "You have successfully registered your profile on 10/4/2023"
  ],
  "signUpDate": "10/4/2023",
  "address": [],
  "__v": 0
},{
  "_id": {
    "$oid": "6433d26603a970bb517e5d80"
  },
  "name": {
    "fName": "Veerahema"
  },
  "propid": 134260,
  "cropid": 100007,
  "croppoints": 0,
  "proppoints": 0,
  "password": "$2b$10$LxrFiAvnw4MbguzSVh530u3xxo.K46lDKM1yfCJ2ILt92gWsDzT9m",
  "mobileNumber": "9500723934",
  "email": "veerahema.k@gmail.com",
  "UserTitle": "Mrs",
  "UserTier": "Base",
  "gender": null,
  "terms": true,
  "biometricterms": false,
  "notification": true,
  "promocode": "",
  "refercode": "CS_mDWrrZ",
  "status": "active",
  "login_method": 2,
  "loyaltyList": null,
  "interestList": null,
  "dob": null,
  "agegroup": null,
  "avatar": null,
  "mktNotification": true,
  "smsNotification": true,
  "emailNotification": true,
  "feedback": null,
  "auditTrail": [
    "You have successfully registered your profile on 10/4/2023"
  ],
  "signUpDate": "10/4/2023",
  "address": [],
  "__v": 0
}]