[{
  "_id": {
    "$oid": "642a73bf9bacd7bd50b06a03"
  },
  "user_id": {
    "$oid": "63ff16524765db333fa0e863"
  },
  "Wishlist": [
    {
      "mktOfferFor": "",
      "bidPrice": 0,
      "rating": 0,
      "likes": 0,
      "_id": "63ef4d5d3bc1be99b8cd6ee9",
      "sku": "29045-SB-8",
      "title": "VR Virtual Reality Headset",
      "parent": "Planer & Virtual",
      "children": "virtual",
      "tags": [
        "WM-MSMY",
        "Headset",
        "Virtual"
      ],
      "image": "https://i.ibb.co/tzqwyQ1/product-8.jpg",
      "originalPrice": 137,
      "price": 137,
      "discount": 10,
      "relatedImages": [
        "https://i.ibb.co/tzqwyQ1/product-8.jpg",
        "https://i.ibb.co/1J2c78M/product-rel-8-3.jpg",
        "https://i.ibb.co/KW9VTQ7/product-rel-8-2.jpg",
        "https://i.ibb.co/Ksgq6G6/product-rel-8-1.jpg"
      ],
      "description": "[WITH A LARGE HEADSET]The VR glasses with a large headset provides a great experience. The sound quality is strong and stable, the large screen frame is detachable, both large and small screen phones are available (maximum support 7 inches screen phone).[ FULL-SCREEN VISUAL EXPERIENCE]The maximum image effect and overall experience enable you to enjoy wonderful movies as if you were sitting in front of the theater screen. There is no black-box effect when watching movies.[ENJOY THE VISUAL FEAST]There are independent adjusters for pupil and 0-800° myopia adjustment, so as to provide users with the best visual field. When wearing the goggles, 0-800° myopia users do not need to wear another pair of glasses.​",
      "brand": "WM-MSMY",
      "unit": "39pcs",
      "quantity": 14,
      "colors": [
        "black",
        "white"
      ],
      "type": "Top Rated",
      "status": "active",
      "croppoints": 450,
      "updatedAt": "2023-03-06T09:44:03.056Z"
    },
    {
      "mktOfferFor": "",
      "bidPrice": 0,
      "rating": 0,
      "likes": 0,
      "_id": "63ef401b3bc1be99b8cd6ed9",
      "sku": "29045-SB-3",
      "title": "TECLAST Tablet Protective Cover Case",
      "parent": "Ipad Phone & Tablets",
      "children": "tablet",
      "tags": [
        "Tablet",
        "TECLAST"
      ],
      "image": "https://i.ibb.co/FhzmCxJ/product-3.jpg",
      "originalPrice": 899,
      "price": 899,
      "discount": 12,
      "relatedImages": [
        "https://i.ibb.co/FhzmCxJ/product-3.jpg",
        "https://i.ibb.co/1XMnN9N/product-rel-3-3.jpg",
        "https://i.ibb.co/nctKTQn/product-rel-3-2.jpg",
        "https://i.ibb.co/3z9WypX/product-rel-3-1.jpg"
      ],
      "description": "Applicable Model: Tablet leather case is custom-made for TECLAST M40 Pro 10/10.1 inch tablet Hole Position Design: Full Protection while staying lightweight and portable, allow full access to all features (buttons, speakers, cameras). Stable Stand : With anti-drop and anti-vibration flip case cover tablet stand, you can stand the tablet up at angles for the best reading, watching movies, viewing and typing experience Magnetic Expandibility: Case is embeded with a lining of magnets to pair with accessories for expanded function Premium Materials: Made from high quality PU Leather, gives a smooth delicate texture on the outside and shock absorption on the inside, soft interior never scratches or hurts your screen",
      "brand": "TECLAST",
      "unit": "20pcs",
      "quantity": 60,
      "colors": [
        "green",
        "orange",
        "black"
      ],
      "type": "Top Rated",
      "status": "active",
      "croppoints": 450,
      "updatedAt": "2023-03-06T09:44:03.056Z"
    },
    {
      "mktOfferFor": "",
      "bidPrice": 0,
      "rating": 0,
      "likes": 0,
      "_id": "63ef401b3bc1be99b8cd6ed9",
      "sku": "29045-SB-3",
      "title": "TECLAST Tablet Protective Cover Case",
      "parent": "Ipad Phone & Tablets",
      "children": "tablet",
      "tags": [
        "Tablet",
        "TECLAST"
      ],
      "image": "https://i.ibb.co/FhzmCxJ/product-3.jpg",
      "originalPrice": 899,
      "price": 899,
      "discount": 12,
      "relatedImages": [
        "https://i.ibb.co/FhzmCxJ/product-3.jpg",
        "https://i.ibb.co/1XMnN9N/product-rel-3-3.jpg",
        "https://i.ibb.co/nctKTQn/product-rel-3-2.jpg",
        "https://i.ibb.co/3z9WypX/product-rel-3-1.jpg"
      ],
      "description": "Applicable Model: Tablet leather case is custom-made for TECLAST M40 Pro 10/10.1 inch tablet Hole Position Design: Full Protection while staying lightweight and portable, allow full access to all features (buttons, speakers, cameras). Stable Stand : With anti-drop and anti-vibration flip case cover tablet stand, you can stand the tablet up at angles for the best reading, watching movies, viewing and typing experience Magnetic Expandibility: Case is embeded with a lining of magnets to pair with accessories for expanded function Premium Materials: Made from high quality PU Leather, gives a smooth delicate texture on the outside and shock absorption on the inside, soft interior never scratches or hurts your screen",
      "brand": "TECLAST",
      "unit": "20pcs",
      "quantity": 60,
      "colors": [
        "green",
        "orange",
        "black"
      ],
      "type": "Top Rated",
      "status": "active",
      "croppoints": 450,
      "updatedAt": "2023-03-06T09:44:03.056Z"
    },
    {
      "mktOfferFor": "",
      "bidPrice": 0,
      "rating": 0,
      "likes": 0,
      "_id": "63ef584c3bc1be99b8cd6eee",
      "sku": "29045-SC-1",
      "title": "Apple iPhone 14 Pro Max",
      "parent": "Ipad Phone & Tablets",
      "children": "phone",
      "tags": [
        "iPhone",
        "Apple",
        "Phone"
      ],
      "image": "https://i.ibb.co/jR68Cr9/product-13.jpg",
      "originalPrice": 1860.65,
      "price": 1860.65,
      "discount": 10,
      "relatedImages": [
        "https://i.ibb.co/jR68Cr9/product-13.jpg",
        "https://i.ibb.co/bRw7T5d/product-rel-13-2.jpg",
        "https://i.ibb.co/7jM5MxM/product-rel-13-3.jpg",
        "https://i.ibb.co/JqBZ7cn/product-rel-13-1.jpg"
      ],
      "description": "Basic specification is RAM: 6GB, Storage: 256GB, Camera: Quad Camera: 48 MP, (wide), dual pixel PDAF, sensor-shift OIS + 12 MP, f/2.8, 77mm (telephoto), PDAF, OIS, 3x optical zoom + 12 MP, f/1.8, 13mm, (ultrawide), PDAF, dual-LED dual-tone, Battery: Li-ion Non removable , Screen: 6.7 Inches , 5G Support,.​",
      "brand": "Apple",
      "unit": "100pcs",
      "quantity": 50,
      "colors": [
        "black",
        "white"
      ],
      "type": "Best Selling",
      "status": "active",
      "croppoints": 450,
      "updatedAt": "2023-03-06T09:44:03.056Z"
    },
    {
      "mktOfferFor": "",
      "bidPrice": 0,
      "rating": 0,
      "likes": 0,
      "_id": "63ef4d5d3bc1be99b8cd6ee9",
      "sku": "29045-SB-8",
      "title": "VR Virtual Reality Headset",
      "parent": "Planer & Virtual",
      "children": "virtual",
      "tags": [
        "WM-MSMY",
        "Headset",
        "Virtual"
      ],
      "image": "https://i.ibb.co/tzqwyQ1/product-8.jpg",
      "originalPrice": 137,
      "price": 137,
      "discount": 10,
      "relatedImages": [
        "https://i.ibb.co/tzqwyQ1/product-8.jpg",
        "https://i.ibb.co/1J2c78M/product-rel-8-3.jpg",
        "https://i.ibb.co/KW9VTQ7/product-rel-8-2.jpg",
        "https://i.ibb.co/Ksgq6G6/product-rel-8-1.jpg"
      ],
      "description": "[WITH A LARGE HEADSET]The VR glasses with a large headset provides a great experience. The sound quality is strong and stable, the large screen frame is detachable, both large and small screen phones are available (maximum support 7 inches screen phone).[ FULL-SCREEN VISUAL EXPERIENCE]The maximum image effect and overall experience enable you to enjoy wonderful movies as if you were sitting in front of the theater screen. There is no black-box effect when watching movies.[ENJOY THE VISUAL FEAST]There are independent adjusters for pupil and 0-800° myopia adjustment, so as to provide users with the best visual field. When wearing the goggles, 0-800° myopia users do not need to wear another pair of glasses.​",
      "brand": "WM-MSMY",
      "unit": "39pcs",
      "quantity": 14,
      "colors": [
        "black",
        "white"
      ],
      "type": "Top Rated",
      "status": "active",
      "croppoints": 450,
      "updatedAt": "2023-03-06T09:44:03.056Z"
    },
    {
      "mktOfferFor": "",
      "bidPrice": 0,
      "rating": 0,
      "likes": 0,
      "_id": "63ef4d5d3bc1be99b8cd6ee9",
      "sku": "29045-SB-8",
      "title": "VR Virtual Reality Headset",
      "parent": "Planer & Virtual",
      "children": "virtual",
      "tags": [
        "WM-MSMY",
        "Headset",
        "Virtual"
      ],
      "image": "https://i.ibb.co/tzqwyQ1/product-8.jpg",
      "originalPrice": 137,
      "price": 137,
      "discount": 10,
      "relatedImages": [
        "https://i.ibb.co/tzqwyQ1/product-8.jpg",
        "https://i.ibb.co/1J2c78M/product-rel-8-3.jpg",
        "https://i.ibb.co/KW9VTQ7/product-rel-8-2.jpg",
        "https://i.ibb.co/Ksgq6G6/product-rel-8-1.jpg"
      ],
      "description": "[WITH A LARGE HEADSET]The VR glasses with a large headset provides a great experience. The sound quality is strong and stable, the large screen frame is detachable, both large and small screen phones are available (maximum support 7 inches screen phone).[ FULL-SCREEN VISUAL EXPERIENCE]The maximum image effect and overall experience enable you to enjoy wonderful movies as if you were sitting in front of the theater screen. There is no black-box effect when watching movies.[ENJOY THE VISUAL FEAST]There are independent adjusters for pupil and 0-800° myopia adjustment, so as to provide users with the best visual field. When wearing the goggles, 0-800° myopia users do not need to wear another pair of glasses.​",
      "brand": "WM-MSMY",
      "unit": "39pcs",
      "quantity": 14,
      "colors": [
        "black",
        "white"
      ],
      "type": "Top Rated",
      "status": "active",
      "croppoints": 450,
      "updatedAt": "2023-03-06T09:44:03.056Z"
    }
  ],
  "createdAt": {
    "$date": "2023-04-03T06:35:43.064Z"
  },
  "updatedAt": {
    "$date": "2023-04-04T06:20:07.725Z"
  },
  "__v": 0
},{
  "_id": {
    "$oid": "642bf583b2ee093129eee56c"
  },
  "user_id": {
    "$oid": "63ff249df959b0e40b747f6f"
  },
  "Wishlist": [
    {
      "mktOfferFor": "",
      "bidPrice": 0,
      "rating": 0,
      "likes": 0,
      "_id": "63ef4c9a3bc1be99b8cd6ee8",
      "sku": "29045-SB-7",
      "title": "Xiaomi Poco M4 pro 5G",
      "parent": "Ipad Phone & Tablets",
      "children": "phone",
      "tags": [
        "Xiaomi",
        "Mobile",
        "Smartphone"
      ],
      "image": "https://i.ibb.co/zR5hfxR/product-7.jpg",
      "originalPrice": 67,
      "price": 67,
      "discount": 0,
      "relatedImages": [
        "https://i.ibb.co/zR5hfxR/product-7.jpg",
        "https://i.ibb.co/zQF5dfK/product-rel-7-1.jpg",
        "https://i.ibb.co/cxxqWPw/product-rel-7-2.jpg",
        "https://i.ibb.co/S79d1H8/product-rel-7-3.jpg"
      ],
      "description": "Storage & RAM 4GB+64GB, 6GB+128GB LPDDR4X RAM + UFS 2.2 storage Expandable storage up to 1TB * Available storage and RAM are less than the total memory due to storage of the operating system and software pre-installed on the device.​",
      "brand": "Xiaomi",
      "unit": "39pcs",
      "quantity": 52,
      "colors": [
        "yellow",
        "black",
        "white"
      ],
      "type": "Top Rated",
      "status": "active",
      "croppoints": 450,
      "updatedAt": "2023-03-06T09:44:03.056Z"
    },
    {
      "mktOfferFor": "",
      "bidPrice": 0,
      "rating": 0,
      "likes": 0,
      "_id": "63ef5fe53bc1be99b8cd6ef1",
      "sku": "29045-SC-4",
      "title": "Apple iPad mini",
      "parent": "Ipad Phone & Tablets",
      "children": "iPad",
      "tags": [
        "Apple",
        "iPad",
        "Mini"
      ],
      "image": "https://i.ibb.co/SBx55HB/product-16.jpg",
      "originalPrice": 887,
      "price": 887,
      "discount": 0,
      "relatedImages": [
        "https://i.ibb.co/SBx55HB/product-16.jpg",
        "https://i.ibb.co/gySZN6f/product-rel-16-1.jpg",
        "https://i.ibb.co/2nFyx9f/product-rel-16-2.jpg",
        "https://i.ibb.co/6RqsZRp/product-rel-16-3.jpg"
      ],
      "description": "21.08 cm (8.3-inch) Liquid Retina display with True Tone and wide colour A15 Bionic chip with NeuralEngine Touch ID for secure authentication 12MP Wide back camera, 12MP Ultra Wide front camera with Centre Stage Available in purple, starlight, pink and space grey Landscape stereo speakers Stay connected with ultra-fast Wi-Fi 6",
      "brand": "Apple",
      "unit": "18pcs",
      "quantity": 45,
      "colors": [
        "black",
        "orange",
        "yellow"
      ],
      "type": "Best Selling",
      "status": "active",
      "croppoints": 450,
      "updatedAt": "2023-03-06T09:44:03.056Z"
    }
  ],
  "createdAt": {
    "$date": "2023-04-04T10:01:39.701Z"
  },
  "updatedAt": {
    "$date": "2023-04-04T10:02:13.489Z"
  },
  "__v": 0
},{
  "_id": {
    "$oid": "642c118002df6c0a7209d4e6"
  },
  "user_id": {
    "$oid": "642c0bf06225af11a4e9a340"
  },
  "Wishlist": [],
  "createdAt": {
    "$date": "2023-04-04T12:01:04.591Z"
  },
  "updatedAt": {
    "$date": "2023-04-04T12:10:39.010Z"
  },
  "__v": 0
}]