[{
  "_id": {
    "$oid": "6423f8cbc9144ecaba9acb2f"
  },
  "description": "just created",
  "user": {
    "$oid": "640c4b26a6c5befbed4b579a"
  },
  "date": {
    "$date": "2023-03-29T08:37:31.308Z"
  },
  "__v": 0
},{
  "_id": {
    "$oid": "641c66f4b53a5c67da69af9f"
  },
  "description": "just created",
  "user": {
    "$oid": "63ff16524765db333fa0e863"
  },
  "date": {
    "$date": "2023-03-23T14:49:24.846Z"
  },
  "__v": 0
},{
  "_id": {
    "$oid": "641c6708b53a5c67da69afa1"
  },
  "description": "profile info update",
  "user": {
    "$oid": "63ff16524765db333fa0e863"
  },
  "date": {
    "$date": "2023-03-23T14:49:44.012Z"
  },
  "__v": 0
},{
  "_id": {
    "$oid": "641c6795b53a5c67da69afa9"
  },
  "description": "just created",
  "user": {
    "$oid": "640045c1340ee5acf3b1e527"
  },
  "date": {
    "$date": "2023-03-23T14:52:05.714Z"
  },
  "__v": 0
},{
  "_id": {
    "$oid": "641c6789b53a5c67da69afa7"
  },
  "description": "just created",
  "user": {
    "$oid": "640042c2dff3187050fed40a"
  },
  "date": {
    "$date": "2023-03-23T14:51:53.850Z"
  },
  "__v": 0
},{
  "_id": {
    "$oid": "641c676ab53a5c67da69afa3"
  },
  "description": "just created",
  "user": {
    "$oid": "63ff249df959b0e40b747f6f"
  },
  "date": {
    "$date": "2023-03-23T14:51:22.995Z"
  },
  "__v": 0
},{
  "_id": {
    "$oid": "641c67a7b53a5c67da69afab"
  },
  "description": "just created",
  "user": {
    "$oid": "640ab373cc34cec6481c94a1"
  },
  "date": {
    "$date": "2023-03-23T14:52:23.073Z"
  },
  "__v": 0
},{
  "_id": {
    "$oid": "641c67d6b53a5c67da69afb3"
  },
  "description": "just created",
  "user": {
    "$oid": "640c4b26a6c5befbed4b579a"
  },
  "date": {
    "$date": "2023-03-23T14:53:10.666Z"
  },
  "__v": 0
},{
  "_id": {
    "$oid": "641c67cbb53a5c67da69afb1"
  },
  "description": "just created",
  "user": {
    "$oid": "640c4454c78747fd9cc12a6f"
  },
  "date": {
    "$date": "2023-03-23T14:52:59.321Z"
  },
  "__v": 0
},{
  "_id": {
    "$oid": "641c67b3b53a5c67da69afad"
  },
  "description": "just created",
  "user": {
    "$oid": "640ab76f7e93f182fe8888e4"
  },
  "date": {
    "$date": "2023-03-23T14:52:35.140Z"
  },
  "__v": 0
},{
  "_id": {
    "$oid": "641c677cb53a5c67da69afa5"
  },
  "description": "just created",
  "user": {
    "$oid": "63ff42aab346c46afb7b9028"
  },
  "date": {
    "$date": "2023-03-23T14:51:40.784Z"
  },
  "__v": 0
},{
  "_id": {
    "$oid": "641c67bfb53a5c67da69afaf"
  },
  "description": "just created",
  "user": {
    "$oid": "640ac8750ceb8304d6527895"
  },
  "date": {
    "$date": "2023-03-23T14:52:47.836Z"
  },
  "__v": 0
},{
  "_id": {
    "$oid": "64271faa3e080cb89d2dde20"
  },
  "description": "address updated",
  "user": {
    "$oid": "63ff16524765db333fa0e863"
  },
  "date": {
    "$date": "2023-03-31T18:00:10.192Z"
  },
  "__v": 0
},{
  "_id": {
    "$oid": "64271fd73e080cb89d2dde22"
  },
  "description": "profile image updated",
  "user": {
    "$oid": "63ff16524765db333fa0e863"
  },
  "date": {
    "$date": "2023-03-31T18:00:55.664Z"
  },
  "__v": 0
}]