[{
  "_id": {
    "$oid": "642cd2516f91ac30244af640"
  },
  "weekday": 200,
  "weekend": 200,
  "publicHoliday": 300,
  "weekly": 300,
  "monthly": 1000,
  "top_offers": 25,
  "top_promo": 70,
  "top_storeOffer": 100,
  "massNotification": 200,
  "surveyDesign": 100,
  "earnCropValuation": 15,
  "redeemCropValuation": 10,
  "earnPropValuation": 1,
  "redeemPropValuation": 1.1,
  "user": {
    "$oid": "64257be8ab0757d368e3422c"
  },
  "createAt": {
    "$date": "2023-04-05T01:43:45.760Z"
  },
  "__v": 0
}]