[{
  "_id": {
    "$oid": "6423f90ec9144ecaba9acb3e"
  },
  "description": "application is very slow",
  "expectedOutcoms": "should be fast",
  "complainType": "performance",
  "preferredMediumContact": "app",
  "complainNumber": "80777070707070",
  "complainStatus": "received",
  "complainResponse": "",
  "user": {
    "$oid": "64118c19a60d3953301be823"
  },
  "complainUpdateDate": {
    "$date": "2023-03-29T08:38:38.808Z"
  },
  "createdAt": {
    "$date": "2023-03-29T08:38:38.808Z"
  },
  "__v": 0
}]