[{
  "_id": {
    "$oid": "6426741343f55aee6f913057"
  },
  "type": "claim",
  "description": "you have a new claim",
  "createdAt": {
    "$date": "2023-03-31T05:48:03.808Z"
  },
  "__v": 0
},{
  "_id": {
    "$oid": "6426743843f55aee6f913059"
  },
  "type": "complained",
  "description": "you have a new complained",
  "createdAt": {
    "$date": "2023-03-31T05:48:40.422Z"
  },
  "__v": 0
},{
  "_id": {
    "$oid": "6426744b43f55aee6f91305b"
  },
  "type": "request",
  "description": "you have a new complained",
  "createdAt": {
    "$date": "2023-03-31T05:48:59.928Z"
  },
  "__v": 0
},{
  "_id": {
    "$oid": "6426748e43f55aee6f91305d"
  },
  "type": "rating",
  "description": "exelent feeback given to complained #444",
  "createdAt": {
    "$date": "2023-03-31T05:50:06.004Z"
  },
  "__v": 0
}]