[{
  "_id": {
    "$oid": "642661bc45088691d5006204"
  },
  "credit": 20,
  "description": "product purcharse",
  "user": {
    "$oid": "63ff16524765db333fa0e863"
  },
  "date": {
    "$date": "2023-03-31T04:29:48.130Z"
  },
  "__v": 0
},{
  "_id": {
    "$oid": "642661e145088691d5006206"
  },
  "credit": 20,
  "description": "product purcharse",
  "user": {
    "$oid": "63ff249df959b0e40b747f6f"
  },
  "date": {
    "$date": "2023-03-31T04:30:25.586Z"
  },
  "__v": 0
},{
  "_id": {
    "$oid": "6426621445088691d5006208"
  },
  "debit": 20,
  "description": "product purcharse by redeem",
  "user": {
    "$oid": "63ff249df959b0e40b747f6f"
  },
  "date": {
    "$date": "2023-03-31T04:31:16.484Z"
  },
  "__v": 0
}]