[{
  "_id": {
    "$oid": "6429211c75675d2be09f6b40"
  },
  "user": {
    "$oid": "63ff16524765db333fa0e863"
  },
  "invoiceNumber": "808070808080",
  "orderNumber": "808070708080",
  "otp": 123456,
  "promoCode": "uljljl899",
  "invoiceDesecription": "Invoice – Subscription",
  "createdAt": {
    "$date": "2023-04-02T06:30:52.071Z"
  },
  "__v": 0
},{
  "_id": {
    "$oid": "642921fb790cef9c2a226e17"
  },
  "user": {
    "$oid": "63ff16524765db333fa0e863"
  },
  "invoiceNumber": "808770808080",
  "orderNumber": "808087070808",
  "otp": 123456,
  "promoCode": "boojl8979",
  "invoiceDesecription": "Invoice – CSR",
  "createdAt": {
    "$date": "2023-04-02T06:34:35.628Z"
  },
  "__v": 0
},{
  "_id": {
    "$oid": "64292226790cef9c2a226e19"
  },
  "user": {
    "$oid": "63ff16524765db333fa0e863"
  },
  "invoiceNumber": "808770808081",
  "orderNumber": "808087070801",
  "otp": 123456,
  "promoCode": "boojl8970",
  "invoiceDesecription": "Invoice – Points Purchase",
  "createdAt": {
    "$date": "2023-04-02T06:35:18.945Z"
  },
  "__v": 0
},{
  "_id": {
    "$oid": "6429224c790cef9c2a226e1b"
  },
  "user": {
    "$oid": "63ff16524765db333fa0e863"
  },
  "invoiceNumber": "808770808082",
  "orderNumber": "808087070802",
  "otp": 123456,
  "promoCode": "boojl8971",
  "invoiceDesecription": "Business Transactions",
  "createdAt": {
    "$date": "2023-04-02T06:35:56.342Z"
  },
  "__v": 0
},{
  "_id": {
    "$oid": "642923a6790cef9c2a226e1f"
  },
  "user": {
    "$oid": "63ff16524765db333fa0e863"
  },
  "invoiceNumber": "808770808083",
  "orderNumber": "808087070803",
  "otp": 123456,
  "promoCode": "boojl8972",
  "invoiceDesecription": "Invoice – Points Purchase ",
  "createdAt": {
    "$date": "2023-04-02T06:41:42.931Z"
  },
  "__v": 0
},{
  "_id": {
    "$oid": "64292557790cef9c2a226e59"
  },
  "user": {
    "$oid": "63ff249df959b0e40b747f6f"
  },
  "invoiceNumber": "808770808084",
  "orderNumber": "808087070804",
  "otp": 123456,
  "promoCode": "boojl8974",
  "invoiceDesecription": "Invoice – Points Purchase ",
  "createdAt": {
    "$date": "2023-04-02T06:48:55.651Z"
  },
  "__v": 0
},{
  "_id": {
    "$oid": "64292592790cef9c2a226e5b"
  },
  "user": {
    "$oid": "63ff249df959b0e40b747f6f"
  },
  "invoiceNumber": "808770808086",
  "orderNumber": "808087070886",
  "otp": 123456,
  "promoCode": "boojl8976",
  "invoiceDesecription": "Invoice – Subscription ",
  "createdAt": {
    "$date": "2023-04-02T06:49:54.905Z"
  },
  "__v": 0
},{
  "_id": {
    "$oid": "642925e5790cef9c2a226e5d"
  },
  "user": {
    "$oid": "63ff249df959b0e40b747f6f"
  },
  "invoiceNumber": "808770808087",
  "orderNumber": "808087070887",
  "otp": 123456,
  "promoCode": "boojl8977",
  "invoiceDesecription": "Invoice – Business Transactions ",
  "createdAt": {
    "$date": "2023-04-02T06:51:17.493Z"
  },
  "__v": 0
},{
  "_id": {
    "$oid": "64292603790cef9c2a226e5f"
  },
  "user": {
    "$oid": "63ff249df959b0e40b747f6f"
  },
  "invoiceNumber": "808770808088",
  "orderNumber": "808087070888",
  "otp": 123456,
  "promoCode": "boojl8978",
  "invoiceDesecription": "Invoice – Points Purchase",
  "createdAt": {
    "$date": "2023-04-02T06:51:47.452Z"
  },
  "__v": 0
},{
  "_id": {
    "$oid": "64292653790cef9c2a226e61"
  },
  "user": {
    "$oid": "63ff249df959b0e40b747f6f"
  },
  "invoiceNumber": "808770808089",
  "orderNumber": "808087070889",
  "otp": 123456,
  "promoCode": "boojl8979",
  "invoiceDesecription": "Invoice – CSR",
  "createdAt": {
    "$date": "2023-04-02T06:53:07.639Z"
  },
  "__v": 0
},{
  "_id": {
    "$oid": "64292675790cef9c2a226e63"
  },
  "user": {
    "$oid": "63ff42aab346c46afb7b9028"
  },
  "invoiceNumber": "808770808090",
  "orderNumber": "808087070890",
  "otp": 123456,
  "promoCode": "boojl8990",
  "invoiceDesecription": "Invoice – CSR",
  "createdAt": {
    "$date": "2023-04-02T06:53:41.109Z"
  },
  "__v": 0
},{
  "_id": {
    "$oid": "6429268b790cef9c2a226e65"
  },
  "user": {
    "$oid": "63ff42aab346c46afb7b9028"
  },
  "invoiceNumber": "808770808091",
  "orderNumber": "808087070891",
  "otp": 123456,
  "promoCode": "boojl8991",
  "invoiceDesecription": "Invoice – PROPs Purchase",
  "createdAt": {
    "$date": "2023-04-02T06:54:03.438Z"
  },
  "__v": 0
},{
  "_id": {
    "$oid": "642926a8790cef9c2a226e67"
  },
  "user": {
    "$oid": "63ff42aab346c46afb7b9028"
  },
  "invoiceNumber": "808770808092",
  "orderNumber": "808087070892",
  "otp": 123456,
  "promoCode": "boojl8992",
  "invoiceDesecription": "Invoice – Points Purchase",
  "createdAt": {
    "$date": "2023-04-02T06:54:32.421Z"
  },
  "__v": 0
},{
  "_id": {
    "$oid": "642926c7790cef9c2a226e69"
  },
  "user": {
    "$oid": "63ff42aab346c46afb7b9028"
  },
  "invoiceNumber": "808770808093",
  "orderNumber": "808087070893",
  "otp": 123456,
  "promoCode": "boojl8993",
  "invoiceDesecription": "Invoice – Business Transactions",
  "createdAt": {
    "$date": "2023-04-02T06:55:03.284Z"
  },
  "__v": 0
},{
  "_id": {
    "$oid": "642926fc790cef9c2a226e6b"
  },
  "user": {
    "$oid": "640042c2dff3187050fed40a"
  },
  "invoiceNumber": "808770808094",
  "orderNumber": "808087070894",
  "otp": 123456,
  "promoCode": "boojl8994",
  "invoiceDesecription": "Invoice – Business Transactions",
  "createdAt": {
    "$date": "2023-04-02T06:55:56.823Z"
  },
  "__v": 0
},{
  "_id": {
    "$oid": "64292723790cef9c2a226e6d"
  },
  "user": {
    "$oid": "640042c2dff3187050fed40a"
  },
  "invoiceNumber": "808770808095",
  "orderNumber": "808087070895",
  "otp": 123456,
  "promoCode": "boojl8995",
  "invoiceDesecription": "Invoice – Subscription",
  "createdAt": {
    "$date": "2023-04-02T06:56:35.539Z"
  },
  "__v": 0
},{
  "_id": {
    "$oid": "6429273b790cef9c2a226e6f"
  },
  "user": {
    "$oid": "640042c2dff3187050fed40a"
  },
  "invoiceNumber": "808770808096",
  "orderNumber": "808087070896",
  "otp": 123456,
  "promoCode": "boojl8996",
  "invoiceDesecription": "Invoice – Business Transactions",
  "createdAt": {
    "$date": "2023-04-02T06:56:59.842Z"
  },
  "__v": 0
},{
  "_id": {
    "$oid": "6429275c790cef9c2a226e73"
  },
  "user": {
    "$oid": "640042c2dff3187050fed40a"
  },
  "invoiceNumber": "808770808097",
  "orderNumber": "808087070897",
  "otp": 123456,
  "promoCode": "boojl8997",
  "invoiceDesecription": "Invoice –Points Purchase",
  "createdAt": {
    "$date": "2023-04-02T06:57:32.701Z"
  },
  "__v": 0
},{
  "_id": {
    "$oid": "64292782790cef9c2a226e75"
  },
  "user": {
    "$oid": "640042c2dff3187050fed40a"
  },
  "invoiceNumber": "808770808098",
  "orderNumber": "808087070898",
  "otp": 123456,
  "promoCode": "boojl8998",
  "invoiceDesecription": "Invoice –PROPs Purchase",
  "createdAt": {
    "$date": "2023-04-02T06:58:10.561Z"
  },
  "__v": 0
},{
  "_id": {
    "$oid": "642927b6790cef9c2a226e77"
  },
  "user": {
    "$oid": "640042c2dff3187050fed40a"
  },
  "invoiceNumber": "808770808099",
  "orderNumber": "808087070899",
  "otp": 123456,
  "promoCode": "boojl8999",
  "invoiceDesecription": "Invoice –CSR ",
  "createdAt": {
    "$date": "2023-04-02T06:59:02.681Z"
  },
  "__v": 0
},{
  "_id": {
    "$oid": "642928c1790cef9c2a226e79"
  },
  "user": {
    "$oid": "640045c1340ee5acf3b1e527"
  },
  "invoiceNumber": "808770808100",
  "orderNumber": "808087070100",
  "otp": 123456,
  "promoCode": "boojl8100",
  "invoiceDesecription": "Invoice –CSR ",
  "createdAt": {
    "$date": "2023-04-02T07:03:29.469Z"
  },
  "__v": 0
},{
  "_id": {
    "$oid": "64292979790cef9c2a226e7d"
  },
  "user": {
    "$oid": "640045c1340ee5acf3b1e527"
  },
  "invoiceNumber": "808770808101",
  "orderNumber": "808087070101",
  "otp": 123456,
  "promoCode": "boojl8101",
  "invoiceDesecription": "Invoice –PROPs Purchase ",
  "createdAt": {
    "$date": "2023-04-02T07:06:33.641Z"
  },
  "__v": 0
},{
  "_id": {
    "$oid": "6429299b790cef9c2a226e7f"
  },
  "user": {
    "$oid": "640045c1340ee5acf3b1e527"
  },
  "invoiceNumber": "808770808102",
  "orderNumber": "808087070102",
  "otp": 123456,
  "promoCode": "boojl8102",
  "invoiceDesecription": "Invoice –Points Purchase ",
  "createdAt": {
    "$date": "2023-04-02T07:07:07.521Z"
  },
  "__v": 0
},{
  "_id": {
    "$oid": "642929db790cef9c2a226e81"
  },
  "user": {
    "$oid": "640045c1340ee5acf3b1e527"
  },
  "invoiceNumber": "808770808103",
  "orderNumber": "808087070103",
  "otp": 123456,
  "promoCode": "boojl8103",
  "invoiceDesecription": "Invoice –Subscription ",
  "createdAt": {
    "$date": "2023-04-02T07:08:11.443Z"
  },
  "__v": 0
}]