[{
  "_id": {
    "$oid": "641189dca60d3953301be81a"
  },
  "name": "Vignesh",
  "email": "vigneah@gmail.com",
  "password": "$2a$10$vOAf97MMEj8GyjCRLKBTNOHs.PoG7WWSqruhtRYNeh8uQuoNoIGn.",
  "invoiceCycle": "N",
  "businessTier": "N",
  "customerTier": "N",
  "serviceRequest": "N",
  "complaint": "N",
  "orderRevocation": "N",
  "survayDesign": "N",
  "serviceChange": "N",
  "notifications": "N",
  "notificationsContent": "N",
  "pricing": "N",
  "subscription_frequencies": "N",
  "earnPoint_valuation": "N",
  "redeemPoint_valuation": "N",
  "massNotifications": "N",
  "createdAt": {
    "$date": "2023-03-15T09:03:24.241Z"
  },
  "__v": 0
},{
  "_id": {
    "$oid": "641193f9a60d3953301be843"
  },
  "name": "pradeep",
  "email": "pradeep@gmail.com",
  "password": "$2a$10$21UuH7kELYiszU6wIz.DtuDDtCWqFxYcDmzij85DHbaJoLHPTZrvm",
  "invoiceCycle": "N",
  "businessTier": "N",
  "customerTier": "N",
  "serviceRequest": "N",
  "complaint": "N",
  "orderRevocation": "N",
  "survayDesign": "N",
  "serviceChange": "N",
  "notifications": "N",
  "notificationsContent": "N",
  "pricing": "N",
  "subscription_frequencies": "N",
  "earnPoint_valuation": "N",
  "redeemPoint_valuation": "N",
  "massNotifications": "N",
  "createdAt": {
    "$date": "2023-03-15T09:46:33.508Z"
  },
  "__v": 0
}]