[{
  "_id": {
    "$oid": "6427ca6e0d77d02b5ca2a42d"
  },
  "sku": "29045-SB-1",
  "title": "Buy Guild Planers - 900w",
  "parent": "Planer & Virtual",
  "children": "planer",
  "tags": [
    "Planer",
    "Electric"
  ],
  "image": "https://i.ibb.co/2dDcxYr/product-1.jpg",
  "originalPrice": 239,
  "price": 239,
  "discount": 0,
  "relatedImages": [
    "https://i.ibb.co/2dDcxYr/product-1.jpg",
    "https://i.ibb.co/P5TktYw/product-rel-2.jpg",
    "https://i.ibb.co/Jtd2MSM/product-rel-3.jpg",
    "https://i.ibb.co/dpfGZjW/product-rel-1.jpg"
  ],
  "description": "This Guild 650W Planer is perfect for your woodworking tasks. This reliable tool has a high power 650W motor, 2mm maximum cut depth and 10mm rebating depth making it suitable for trimming doors or levelling uneven wooden surfaces. It is fitted with two, 82mm universal fit, high speed steel blades, which rotate at 16,000rpm to give a smooth finish every time. The soft grip handle, offers enhanced comfort through prolonged use, and the handy dust bag, which can be fitted to the left or right chip ejection port, will collect any debris generated.",
  "brand": "Guild",
  "unit": "8pcs",
  "quantity": 40,
  "colors": [
    "green",
    "orange",
    "black"
  ],
  "type": "Top Rated",
  "status": "active",
  "itemInfo": "Top Choice",
  "croppoints": 450,
  "updatedAt": {
    "$date": "2023-03-06T09:44:03.056Z"
  },
  "user": {
    "$oid": "64118c19a60d3953301be823"
  }
},{
  "_id": {
    "$oid": "6427d0c30d77d02b5ca2a42e"
  },
  "sku": "29045-SB-2",
  "title": "Apple Watch Series 1",
  "parent": "Wireless & Watches",
  "children": "watch",
  "tags": [
    "Watch",
    "Apple"
  ],
  "image": "https://i.ibb.co/F3hPQMP/product-2.jpg",
  "originalPrice": 188,
  "price": 188,
  "discount": 0,
  "relatedImages": [
    "https://i.ibb.co/F3hPQMP/product-2.jpg",
    "https://i.ibb.co/rfjqtKv/product-rel-2-1.jpg",
    "https://i.ibb.co/Q89k5Jq/product-rel-2-2.jpg",
    "https://i.ibb.co/72h2zSp/product-rel-2-3.jpg"
  ],
  "description": "The aluminum case is lightweight and made from 100 percent recycled aerospace-grade alloy.The Sport Loop is made from a soft and breathable double-layer nylon weave, with a hook-and-loop fastener for quick and easy adjustment.",
  "brand": "Apple",
  "unit": "12pcs",
  "quantity": 32,
  "colors": [
    "red",
    "yellow",
    "black"
  ],
  "type": "Top Rated",
  "status": "active",
  "croppoints": 450,
  "updatedAt": {
    "$date": "2023-03-06T09:44:03.056Z"
  },
  "user": {
    "$oid": "64144186df14fd9876dd77d9"
  }
},{
  "_id": {
    "$oid": "6427d1350d77d02b5ca2a42f"
  },
  "sku": "29045-SB-3",
  "title": "TECLAST Tablet Protective Cover Case",
  "parent": "Ipad Phone & Tablets",
  "children": "tablet",
  "tags": [
    "Tablet",
    "TECLAST"
  ],
  "image": "https://i.ibb.co/FhzmCxJ/product-3.jpg",
  "originalPrice": 899,
  "price": 899,
  "discount": 12,
  "relatedImages": [
    "https://i.ibb.co/FhzmCxJ/product-3.jpg",
    "https://i.ibb.co/1XMnN9N/product-rel-3-3.jpg",
    "https://i.ibb.co/nctKTQn/product-rel-3-2.jpg",
    "https://i.ibb.co/3z9WypX/product-rel-3-1.jpg"
  ],
  "description": "Applicable Model: Tablet leather case is custom-made for TECLAST M40 Pro 10/10.1 inch tablet Hole Position Design: Full Protection while staying lightweight and portable, allow full access to all features (buttons, speakers, cameras). Stable Stand : With anti-drop and anti-vibration flip case cover tablet stand, you can stand the tablet up at angles for the best reading, watching movies, viewing and typing experience Magnetic Expandibility: Case is embeded with a lining of magnets to pair with accessories for expanded function Premium Materials: Made from high quality PU Leather, gives a smooth delicate texture on the outside and shock absorption on the inside, soft interior never scratches or hurts your screen",
  "brand": "TECLAST",
  "unit": "20pcs",
  "quantity": 60,
  "colors": [
    "green",
    "orange",
    "black"
  ],
  "type": "Top Rated",
  "status": "active",
  "croppoints": 450,
  "updatedAt": {
    "$date": "2023-03-06T09:44:03.056Z"
  },
  "user": {
    "$oid": "642711470d77d02b5ca2a41a"
  }
},{
  "_id": {
    "$oid": "6427d1870d77d02b5ca2a430"
  },
  "sku": "29045-SB-5",
  "title": "E68 Wireless Headphone Bluetooth",
  "parent": "Camera Bluetooth & Headset",
  "children": "bluetooth",
  "tags": [
    "Wireless",
    "Headphone",
    "Bluetooth"
  ],
  "image": "https://i.ibb.co/x81YysG/product-5.jpg",
  "originalPrice": 114,
  "price": 114,
  "discount": 0,
  "relatedImages": [
    "https://i.ibb.co/x81YysG/product-5.jpg",
    "https://i.ibb.co/ZYTNDTn/product-rel-5-1.jpg",
    "https://i.ibb.co/23tH4KT/product-rel-5-2.jpg",
    "https://i.ibb.co/d7zv8gD/product-rel-5-3.jpg"
  ],
  "description": "LED Power Display& 35H Playback: Smart LED three-screen display outside of the case is to show the power level for charging case and earbuds. When you put earbuds into the case, then earbuds will start to be charged. Charging case can provide 5 times full charging for both earbuds, the charging case LED power display will start to flash from 100 to 1, each earbud can last 6-7H on single charging. So, you can enjoy 35H music time in total. 3D Stereo Audio: The Bluetooth Earbuds are designed for sound and music lovers. Equipped with 13mm speakers and triple-layer composite diaphragms provide powerful bass, stunning treble and clear Mids. Support spatial audio, 360° surround sound field, bring an immersive and shocking experience. (Need to match a sound source that conforms to spatial audio).",
  "brand": "US1984",
  "unit": "50pcs",
  "quantity": 35,
  "colors": [
    "red",
    "black"
  ],
  "type": "Top Rated",
  "status": "active",
  "croppoints": 450,
  "updatedAt": {
    "$date": "2023-03-06T09:44:03.056Z"
  },
  "user": {
    "$oid": "642711470d77d02b5ca2a41a"
  }
},{
  "_id": {
    "$oid": "6427d1cf0d77d02b5ca2a431"
  },
  "sku": "29045-SB-6",
  "title": "ViewSonic Professional Monitor",
  "parent": "Computers Monitor & Laptop",
  "children": "monitor",
  "tags": [
    "ViewSonic",
    "Monitor",
    "Computer"
  ],
  "image": "https://i.ibb.co/ncm9NFx/product-6.jpg",
  "originalPrice": 299,
  "price": 299,
  "discount": 6,
  "relatedImages": [
    "https://i.ibb.co/ncm9NFx/product-6.jpg",
    "https://i.ibb.co/y6w6TkJ/product-rel-6-1.jpg",
    "https://i.ibb.co/BP1Y7XK/product-rel-6-2.jpg",
    "https://i.ibb.co/WxXmTNt/product-rel-6-3.jpg"
  ],
  "description": "Designed with creative professionals in mind, the ViewSonic VP2756-2k delivers stunning true-to-life colours on screen. Pantone validated 100% sRGB coverage provides precise colour reproduction, ensuring your work looks how it should, every time. A USB-C port that easily connects with your devices for easy charging and data transfer. Ergonomic engineering gives you the flexibility to do more without injury, while Auto Pivot lets shift between horizontal and vertical orientations effortlessly, letting your work be viewed how it’s supposed to be.​",
  "brand": "ViewSonic",
  "unit": "12pcs",
  "quantity": 22,
  "colors": [
    "red",
    "black",
    "white"
  ],
  "type": "Top Rated",
  "status": "active",
  "croppoints": 450,
  "updatedAt": {
    "$date": "2023-03-06T09:44:03.056Z"
  },
  "user": {
    "$oid": "642711db0d77d02b5ca2a41c"
  }
},{
  "_id": {
    "$oid": "6427d23b0d77d02b5ca2a432"
  },
  "sku": "29045-SB-7",
  "title": "Xiaomi Poco M4 pro 5G",
  "parent": "Ipad Phone & Tablets",
  "children": "phone",
  "tags": [
    "Xiaomi",
    "Mobile",
    "Smartphone"
  ],
  "image": "https://i.ibb.co/zR5hfxR/product-7.jpg",
  "originalPrice": 67,
  "price": 67,
  "discount": 0,
  "relatedImages": [
    "https://i.ibb.co/zR5hfxR/product-7.jpg",
    "https://i.ibb.co/zQF5dfK/product-rel-7-1.jpg",
    "https://i.ibb.co/cxxqWPw/product-rel-7-2.jpg",
    "https://i.ibb.co/S79d1H8/product-rel-7-3.jpg"
  ],
  "description": "Storage & RAM 4GB+64GB, 6GB+128GB LPDDR4X RAM + UFS 2.2 storage Expandable storage up to 1TB * Available storage and RAM are less than the total memory due to storage of the operating system and software pre-installed on the device.​",
  "brand": "Xiaomi",
  "unit": "39pcs",
  "quantity": 52,
  "colors": [
    "yellow",
    "black",
    "white"
  ],
  "type": "Top Rated",
  "status": "active",
  "croppoints": 450,
  "updatedAt": {
    "$date": "2023-03-06T09:44:03.056Z"
  },
  "user": {
    "$oid": "642712850d77d02b5ca2a41d"
  }
},{
  "_id": {
    "$oid": "6427d27f0d77d02b5ca2a433"
  },
  "sku": "29045-SB-8",
  "title": "VR Virtual Reality Headset",
  "parent": "Planer & Virtual",
  "children": "virtual",
  "tags": [
    "WM-MSMY",
    "Headset",
    "Virtual"
  ],
  "image": "https://i.ibb.co/tzqwyQ1/product-8.jpg",
  "originalPrice": 137,
  "price": 137,
  "discount": 10,
  "relatedImages": [
    "https://i.ibb.co/tzqwyQ1/product-8.jpg",
    "https://i.ibb.co/1J2c78M/product-rel-8-3.jpg",
    "https://i.ibb.co/KW9VTQ7/product-rel-8-2.jpg",
    "https://i.ibb.co/Ksgq6G6/product-rel-8-1.jpg"
  ],
  "description": "[WITH A LARGE HEADSET]The VR glasses with a large headset provides a great experience. The sound quality is strong and stable, the large screen frame is detachable, both large and small screen phones are available (maximum support 7 inches screen phone).[ FULL-SCREEN VISUAL EXPERIENCE]The maximum image effect and overall experience enable you to enjoy wonderful movies as if you were sitting in front of the theater screen. There is no black-box effect when watching movies.[ENJOY THE VISUAL FEAST]There are independent adjusters for pupil and 0-800° myopia adjustment, so as to provide users with the best visual field. When wearing the goggles, 0-800° myopia users do not need to wear another pair of glasses.​",
  "brand": "WM-MSMY",
  "unit": "39pcs",
  "quantity": 14,
  "colors": [
    "black",
    "white"
  ],
  "type": "Top Rated",
  "status": "active",
  "croppoints": 450,
  "updatedAt": {
    "$date": "2023-03-06T09:44:03.056Z"
  },
  "user": {
    "$oid": "642712dc0d77d02b5ca2a41e"
  }
}]