[{
  "_id": {
    "$oid": "6433d91e7bd421f5204d3847"
  },
  "fName": "Sridhar",
  "mName": "",
  "lName": "",
  "email": "sridharsp4774@gmail.com",
  "businessId": {
    "ABN": "",
    "ACN": ""
  },
  "status": "presuspend",
  "outletCount": 1,
  "address": [],
  "mktNotification": false,
  "smsNotification": true,
  "emailNotification": true,
  "newsLetterSubscription": false,
  "notification": true,
  "pin": "$2a$10$spb41sUP2NaBYEW0ymOQVehwia4kutRRIc8UGB6LURtsZqn9n5vIe",
  "avatar": "",
  "cropId": "BUS0000002",
  "Tier": "base",
  "deliveryServices": "pickup",
  "promocode": "",
  "terms": true,
  "bio": false,
  "transctionInterface": "online",
  "auditTrail": [],
  "TierChangeDate": {
    "$date": "2023-04-06T12:42:30.529Z"
  },
  "createdAt": {
    "$date": "2023-04-06T12:42:30.541Z"
  },
  "updatedAt": {
    "$date": "2023-04-11T02:08:44.878Z"
  },
  "__v": 0,
  "businessName": "CROP"
},{
  "_id": {
    "$oid": "6433dc11aa8b552f27fe405d"
  },
  "ABN": "70098211333",
  "ACN": "",
  "mName": "",
  "lName": "",
  "email": "pradeepkumar2165@gmail.com",
  "status": "deactivated",
  "outletCount": 1,
  "address": [],
  "notification": false,
  "mktNotification": false,
  "smsNotification": false,
  "emailNotification": false,
  "newsLetterSubscription": false,
  "pin": "$2a$10$NdW.m/bJJG/vms4BxKnU0OJqDmr6gQCkKHxmKLrlAOzpCMpBOjCE2",
  "avatar": "",
  "cropId": "BUS0000003",
  "Tier": "base",
  "promoCode": "",
  "terms": true,
  "bio": false,
  "transctionInterface": "online",
  "auditTrail": [],
  "TierChangeDate": {
    "$date": "2023-04-10T09:51:13.072Z"
  },
  "createdAt": {
    "$date": "2023-04-10T09:51:13.078Z"
  },
  "updatedAt": {
    "$date": "2023-04-11T02:09:00.367Z"
  },
  "__v": 0
},{
  "_id": {
    "$oid": "6433dc4daa8b552f27fe4061"
  },
  "ABN": "82615110499",
  "ACN": "",
  "mName": "",
  "lName": "",
  "email": "sridharar4774@gmail.com",
  "status": "active",
  "outletCount": 1,
  "address": [],
  "notification": false,
  "mktNotification": false,
  "smsNotification": false,
  "emailNotification": false,
  "newsLetterSubscription": false,
  "pin": "$2a$10$0AfL12bmN/cWvAFIuEU2.uOSVx94G7uD7fql6WkaYHXiIQM/t/d/C",
  "avatar": "",
  "cropId": "BUS0000004",
  "Tier": "base",
  "promoCode": "",
  "terms": true,
  "bio": false,
  "transctionInterface": "online",
  "auditTrail": [],
  "TierChangeDate": {
    "$date": "2023-04-10T09:52:13.134Z"
  },
  "createdAt": {
    "$date": "2023-04-10T09:52:13.135Z"
  },
  "updatedAt": {
    "$date": "2023-04-11T02:08:07.539Z"
  },
  "__v": 0
},{
  "_id": {
    "$oid": "6433dc9baa8b552f27fe4065"
  },
  "ABN": "62009781668",
  "ACN": "",
  "mName": "",
  "lName": "",
  "email": "hema.k@gmail.com",
  "status": "suspended",
  "outletCount": 1,
  "address": [],
  "notification": false,
  "mktNotification": false,
  "smsNotification": false,
  "emailNotification": false,
  "newsLetterSubscription": false,
  "pin": "$2a$10$F03uECKBfrUREmILmh.grOECDWFNGnwNNxvBo3Fa3htY3yrt27tqm",
  "avatar": "",
  "cropId": "BUS0000005",
  "Tier": "base",
  "promoCode": "",
  "terms": true,
  "bio": false,
  "transctionInterface": "online",
  "auditTrail": [],
  "TierChangeDate": {
    "$date": "2023-04-10T09:53:31.146Z"
  },
  "createdAt": {
    "$date": "2023-04-10T09:53:31.147Z"
  },
  "updatedAt": {
    "$date": "2023-04-11T01:48:04.560Z"
  },
  "__v": 0
}]