[{
  "_id": {
    "$oid": "642bd040d2ad3181885e2520"
  },
  "bonusCrop": {
    "fromDate": "2023-04-03",
    "toDate": "2023-04-08"
  },
  "bonusCropDays": {
    "sun": true,
    "mon": true,
    "tue": true,
    "wed": true,
    "thu": true,
    "fri": true,
    "sat": true
  },
  "bonusCropPercentage": 10,
  "bonusCropProducts": [
    {
      "productId": {
        "$oid": "642ba40571645f0c9baeb115"
      },
      "productName": "Laptop E102",
      "_id": {
        "$oid": "642be7a9d2ad3181885e25b6"
      }
    },
    {
      "productId": {
        "$oid": "642bc688d2ad3181885e24fd"
      },
      "productName": "Phone",
      "_id": {
        "$oid": "642d2255e6014a3495a848b5"
      }
    },
    {
      "productId": {
        "$oid": "642c02c790766124d7facd7c"
      },
      "productName": "Crop",
      "_id": {
        "$oid": "642d2255e6014a3495a848b6"
      }
    },
    {
      "productId": {
        "$oid": "642c035090766124d7facd82"
      },
      "productName": "title",
      "_id": {
        "$oid": "642d2255e6014a3495a848b7"
      }
    }
  ],
  "businessId": {
    "$oid": "642a7b46e8b0a4959b98a0d9"
  },
  "__v": 0
}]