[{
  "_id": {
    "$oid": "642a6d6e139773c9f6d087aa"
  },
  "type": "account",
  "desc": "account login successfully",
  "cropId": "CROP502",
  "createdAt": {
    "$date": "2023-04-03T06:08:46.793Z"
  },
  "__v": 0
},{
  "_id": {
    "$oid": "642a798ee8b0a4959b98a0c7"
  },
  "type": "account",
  "desc": "account created successfully",
  "createdAt": {
    "$date": "2023-04-03T07:00:30.669Z"
  },
  "__v": 0
},{
  "_id": {
    "$oid": "642a7b46e8b0a4959b98a0db"
  },
  "type": "account",
  "desc": "account created successfully",
  "createdAt": {
    "$date": "2023-04-03T07:07:50.506Z"
  },
  "__v": 0
},{
  "_id": {
    "$oid": "642ac5de482b96481ce96848"
  },
  "type": "account",
  "desc": "account login successfully",
  "createdAt": {
    "$date": "2023-04-03T12:26:06.015Z"
  },
  "__v": 0
},{
  "_id": {
    "$oid": "642ba24671645f0c9baeb104"
  },
  "type": "account",
  "desc": "account created successfully",
  "createdAt": {
    "$date": "2023-04-04T04:06:30.505Z"
  },
  "__v": 0
},{
  "_id": {
    "$oid": "642bc5acd2ad3181885e24f8"
  },
  "type": "account",
  "desc": "account created successfully",
  "createdAt": {
    "$date": "2023-04-04T06:37:32.574Z"
  },
  "__v": 0
},{
  "_id": {
    "$oid": "642fe53e6e43a6ac191c7f5b"
  },
  "type": "account",
  "desc": "account login successfully",
  "cropId": "BUS0000001",
  "createdAt": {
    "$date": "2023-04-07T09:41:18.290Z"
  },
  "__v": 0
},{
  "_id": {
    "$oid": "642ffa4d2006b3e12508461f"
  },
  "type": "account",
  "desc": "account login successfully",
  "cropId": "BUS0000001",
  "createdAt": {
    "$date": "2023-04-07T11:11:09.900Z"
  },
  "__v": 0
},{
  "_id": {
    "$oid": "642ffb1a2006b3e12508462d"
  },
  "type": "account",
  "desc": "account login successfully",
  "cropId": "BUS0000001",
  "createdAt": {
    "$date": "2023-04-07T11:14:34.856Z"
  },
  "__v": 0
},{
  "_id": {
    "$oid": "6433b756311dad4405f86934"
  },
  "type": "account",
  "desc": "account login successfully",
  "cropId": "BUS0000001",
  "createdAt": {
    "$date": "2023-04-10T07:14:30.422Z"
  },
  "__v": 0
},{
  "_id": {
    "$oid": "6433b835b4fbee888d061398"
  },
  "type": "account",
  "desc": "account login successfully",
  "cropId": "BUS0000001",
  "createdAt": {
    "$date": "2023-04-10T07:18:13.365Z"
  },
  "__v": 0
},{
  "_id": {
    "$oid": "6433c1e0d5bf6401063a7446"
  },
  "type": "account",
  "desc": "account login successfully",
  "cropId": "BUS0000001",
  "createdAt": {
    "$date": "2023-04-10T07:59:28.719Z"
  },
  "__v": 0
},{
  "_id": {
    "$oid": "6433e31faa8b552f27fe4071"
  },
  "type": "account",
  "desc": "account login successfully",
  "cropId": "BUS0000002",
  "createdAt": {
    "$date": "2023-04-10T10:21:19.004Z"
  },
  "__v": 0
},{
  "_id": {
    "$oid": "6434f09df4f9be574e371398"
  },
  "type": "account",
  "desc": "account login successfully",
  "cropId": "BUS0000002",
  "createdAt": {
    "$date": "2023-04-11T05:31:09.711Z"
  },
  "__v": 0
}]