[{
  "_id": {
    "$oid": "63ef48ad3bc1be99b8cd6ede"
  },
  "parent": "Ipad Phone & Tablets",
  "img": "https://i.ibb.co/zfTZRSf/product-cat-1.jpg",
  "children": [
    "phone",
    "tablet",
    "iPad"
  ],
  "status": "Show"
},{
  "_id": {
    "$oid": "63ef48d53bc1be99b8cd6edf"
  },
  "parent": "Planer & Virtual",
  "img": "https://i.ibb.co/58zCBkK/product-cat-2.jpg",
  "children": [
    "planer",
    "virtual"
  ],
  "status": "Show"
},{
  "_id": {
    "$oid": "63ef48f23bc1be99b8cd6ee0"
  },
  "parent": "Wireless & Watches",
  "img": "https://i.ibb.co/QHTxCfc/product-cat-3.jpg",
  "children": [
    "wireless",
    "watch"
  ],
  "status": "Show"
},{
  "_id": {
    "$oid": "63ef491f3bc1be99b8cd6ee1"
  },
  "parent": "Computers Monitor & Laptop",
  "img": "https://i.ibb.co/p004GJX/product-cat-4.jpg",
  "children": [
    "computer",
    "laptop",
    "monitor"
  ],
  "status": "Show"
},{
  "_id": {
    "$oid": "63ef49423bc1be99b8cd6ee2"
  },
  "parent": "Exercise Bike & Shaver Clean",
  "img": "https://i.ibb.co/ydM73jB/product-cat-5.jpg",
  "children": [
    "exercise-bike",
    "shaver-clean"
  ],
  "status": "Show"
},{
  "_id": {
    "$oid": "63ef495d3bc1be99b8cd6ee3"
  },
  "parent": "Spinning Reel & Kettle",
  "img": "https://i.ibb.co/7Y7RjMq/product-cat-6.jpg",
  "children": [
    "spinning-reel",
    "kettle"
  ],
  "status": "Show"
},{
  "_id": {
    "$oid": "63ef49793bc1be99b8cd6ee4"
  },
  "parent": "Camera Bluetooth & Headset",
  "img": "https://i.ibb.co/9hsZsq3/product-cat-7.jpg",
  "children": [
    "camera",
    "bluetooth",
    "headset"
  ],
  "status": "Show"
}]