[{
  "_id": {
    "$oid": "63ef426f3bc1be99b8cd6eda"
  },
  "title": "January Gift Voucher",
  "couponCode": "JANUARY23",
  "endTime": "2023-01-31T06:00:00Z",
  "discountPercentage": 20,
  "minimumAmount": 1000,
  "productType": "Ipad Phone & Tablets",
  "logo": "https://i.ibb.co/zfTZRSf/product-cat-1.jpg"
},{
  "_id": {
    "$oid": "63ef45f63bc1be99b8cd6edb"
  },
  "title": "Summer Gift Voucher",
  "couponCode": "SUMMER23",
  "endTime": "2023-02-20T00:56:00Z",
  "discountPercentage": 12,
  "minimumAmount": 600,
  "productType": "Planer & Virtual",
  "logo": "https://i.ibb.co/58zCBkK/product-cat-2.jpg"
},{
  "_id": {
    "$oid": "63ef47753bc1be99b8cd6edc"
  },
  "title": "Winter Gift Voucher",
  "couponCode": "WINTER23",
  "endTime": "2023-06-31T20:19:00Z",
  "discountPercentage": 15,
  "minimumAmount": 500,
  "productType": "Wireless & Watches",
  "logo": "https://i.ibb.co/QHTxCfc/product-cat-3.jpg"
},{
  "_id": {
    "$oid": "63ef481f3bc1be99b8cd6edd"
  },
  "title": "August Gift Voucher",
  "couponCode": "AUGUST23",
  "endTime": "2023-08-01T20:19:00Z",
  "discountPercentage": 10,
  "minimumAmount": 500,
  "productType": "Camera Bluetooth & Headset",
  "logo": "https://i.ibb.co/9hsZsq3/product-cat-7.jpg"
}]