[{
  "_id": {
    "$oid": "63ff238d28814a607164ae67"
  },
  "email": "ananthisiva9@gmail.com",
  "otp": 489867
},{
  "_id": {
    "$oid": "63ff2440015ad16eb5419061"
  },
  "email": "siva.mira21@gmail.com",
  "otp": 927204,
  "__v": 0
},{
  "_id": {
    "$oid": "63ff41e1798fcf348f9d829a"
  },
  "email": "ananthi@gmail.com",
  "otp": 812713,
  "__v": 0
},{
  "_id": {
    "$oid": "63ff41e5798fcf348f9d829d"
  },
  "email": "rsiva.rishi@gmail.com",
  "otp": 779131,
  "__v": 0
},{
  "_id": {
    "$oid": "64004277dff3187050fed3ff"
  },
  "email": "kanipugazh1997@gmail.com",
  "otp": 293595,
  "__v": 0
},{
  "_id": {
    "$oid": "640043fa340ee5acf3b1e515"
  },
  "email": "pradeepkumar@pearlcons.com",
  "otp": 666447,
  "__v": 0
},{
  "_id": {
    "$oid": "640aab980d2b426f27d0f868"
  },
  "email": "fagoyes326@orgria.com",
  "otp": 630052,
  "__v": 0
},{
  "_id": {
    "$oid": "640aac410d2b426f27d0f86d"
  },
  "email": "gawepox354@rolenot.com",
  "otp": 870169,
  "__v": 0
},{
  "_id": {
    "$oid": "640ab18052369f17ba50460a"
  },
  "email": "dolahe4130@proexbol.com",
  "otp": 884294,
  "__v": 0
},{
  "_id": {
    "$oid": "640ab729cc34cec6481c94c7"
  },
  "email": "higom68512@rolenot.com",
  "otp": 863482,
  "__v": 0
},{
  "_id": {
    "$oid": "640ac73c942245a8317b4b9a"
  },
  "email": "damofas733@rolenot.com",
  "otp": 427495,
  "__v": 0
},{
  "_id": {
    "$oid": "640c410aae0b9034895ab49f"
  },
  "email": "fehep53590@terkoer.com",
  "otp": 375762,
  "__v": 0
},{
  "_id": {
    "$oid": "640c441db5e1b5fb85a5b483"
  },
  "email": "garac78378@orgria.com",
  "otp": 355765,
  "__v": 0
},{
  "_id": {
    "$oid": "640c4ab9c78747fd9cc12a8e"
  },
  "email": "vibigan283@terkoer.com",
  "otp": 371325,
  "__v": 0
},{
  "_id": {
    "$oid": "640c4d70a6c5befbed4b579e"
  },
  "email": "cononeg844@proexbol.com",
  "otp": 705564,
  "__v": 0
},{
  "_id": {
    "$oid": "641017901538f1f0d5150a64"
  },
  "email": "ananthisiva09@gmail.com",
  "otp": 522810,
  "__v": 0
},{
  "_id": {
    "$oid": "6411a2039e6c1e2d7fec8cae"
  },
  "email": "ananthi.s@pearlcons.com",
  "otp": 440502,
  "__v": 0
},{
  "_id": {
    "$oid": "6411a5e59e6c1e2d7fec8cc6"
  },
  "email": "segiv18358@huvacliq.com",
  "otp": 549224,
  "__v": 0
},{
  "_id": {
    "$oid": "6411a6939e6c1e2d7fec8cd4"
  },
  "email": "lolej45574@asoflex.com",
  "otp": 558705,
  "__v": 0
},{
  "_id": {
    "$oid": "6411a7279e6c1e2d7fec8ce6"
  },
  "email": "kesota4393@etondy.com",
  "otp": 151383,
  "__v": 0
},{
  "_id": {
    "$oid": "6411a9179e6c1e2d7fec8d06"
  },
  "email": "kekoso3174@asoflex.com",
  "otp": 389343,
  "__v": 0
},{
  "_id": {
    "$oid": "6411aa139e6c1e2d7fec8d14"
  },
  "email": "cosoci4692@huvacliq.com",
  "otp": 924487,
  "__v": 0
},{
  "_id": {
    "$oid": "6411aac39e6c1e2d7fec8d26"
  },
  "email": "piwedig570@etondy.com",
  "otp": 786264,
  "__v": 0
},{
  "_id": {
    "$oid": "6411ab449e6c1e2d7fec8d34"
  },
  "email": "dakavi3482@etondy.com",
  "otp": 345531,
  "__v": 0
},{
  "_id": {
    "$oid": "6411aba49e6c1e2d7fec8d50"
  },
  "email": "rorala6768@etondy.com",
  "otp": 766350,
  "__v": 0
},{
  "_id": {
    "$oid": "641298a8daf078e6b1120def"
  },
  "email": "pradeepswain2165@gmail.com",
  "otp": 889588,
  "__v": 0
},{
  "_id": {
    "$oid": "641299e3daf078e6b1120df4"
  },
  "email": "pradeepswain2165@gmai.com",
  "otp": 466388,
  "__v": 0
},{
  "_id": {
    "$oid": "64194dc475898f9e05ca96b1"
  },
  "email": "laxmipriya.ks@pearlcons.com",
  "otp": 195791,
  "__v": 0
},{
  "_id": {
    "$oid": "641986a6e41c41952a0df9b5"
  },
  "email": "ananthisiva09@outlook.com",
  "otp": 649623,
  "__v": 0
},{
  "_id": {
    "$oid": "6423dcd288f7fa637761921a"
  },
  "email": "ananthi@pearlcons.com",
  "otp": 833728,
  "__v": 0
},{
  "_id": {
    "$oid": "642e589b982102fd28d13966"
  },
  "email": "hema.innovaturetech@gmail.com",
  "otp": 292521,
  "__v": 0
},{
  "_id": {
    "$oid": "642e5b1d2a75e9e370869662"
  },
  "email": "veerahema.k@gmail.com",
  "otp": 327549,
  "__v": 0
},{
  "_id": {
    "$oid": "642e96eab413b3a6df1e5839"
  },
  "email": "veerahema.k@gmail.com",
  "otp": 855400,
  "__v": 0
},{
  "_id": {
    "$oid": "642e970b0317a36c841e3a12"
  },
  "email": "veerahema.k@gmail.com",
  "otp": 992025,
  "__v": 0
},{
  "_id": {
    "$oid": "642e979ec1a565fd714ba752"
  },
  "email": "veerahema.k@gmail.com",
  "otp": 180524,
  "__v": 0
},{
  "_id": {
    "$oid": "642e98b2220fc653ac807b49"
  },
  "email": "veerahema.k@gmail.com",
  "otp": 882825,
  "__v": 0
}]