[{
  "_id": {
    "$oid": "63ee2a0f582841f73ecec220"
  },
  "sku": "29045-SB-1",
  "title": "Buy Guild Planers - 900w",
  "parent": "Planer & Virtual",
  "children": "planer",
  "tags": [
    "Planer",
    "Electric"
  ],
  "image": "https://i.ibb.co/2dDcxYr/product-1.jpg",
  "originalPrice": 239,
  "price": 239,
  "discount": 0,
  "relatedImages": [
    "https://i.ibb.co/2dDcxYr/product-1.jpg",
    "https://i.ibb.co/P5TktYw/product-rel-2.jpg",
    "https://i.ibb.co/Jtd2MSM/product-rel-3.jpg",
    "https://i.ibb.co/dpfGZjW/product-rel-1.jpg"
  ],
  "description": "This Guild 650W Planer is perfect for your woodworking tasks. This reliable tool has a high power 650W motor, 2mm maximum cut depth and 10mm rebating depth making it suitable for trimming doors or levelling uneven wooden surfaces. It is fitted with two, 82mm universal fit, high speed steel blades, which rotate at 16,000rpm to give a smooth finish every time. The soft grip handle, offers enhanced comfort through prolonged use, and the handy dust bag, which can be fitted to the left or right chip ejection port, will collect any debris generated.",
  "brand": "Guild",
  "unit": "8pcs",
  "quantity": 40,
  "colors": [
    "green",
    "orange",
    "black"
  ],
  "type": "Top Rated",
  "status": "active",
  "itemInfo": "Top Choice",
  "croppoints": 450,
  "updatedAt": {
    "$date": "2023-03-06T09:44:03.056Z"
  }
},{
  "_id": {
    "$oid": "63ef3e5e3bc1be99b8cd6ed8"
  },
  "sku": "29045-SB-2",
  "title": "Apple Watch Series 1",
  "parent": "Wireless & Watches",
  "children": "watch",
  "tags": [
    "Watch",
    "Apple"
  ],
  "image": "https://i.ibb.co/F3hPQMP/product-2.jpg",
  "originalPrice": 188,
  "price": 188,
  "discount": 0,
  "relatedImages": [
    "https://i.ibb.co/F3hPQMP/product-2.jpg",
    "https://i.ibb.co/rfjqtKv/product-rel-2-1.jpg",
    "https://i.ibb.co/Q89k5Jq/product-rel-2-2.jpg",
    "https://i.ibb.co/72h2zSp/product-rel-2-3.jpg"
  ],
  "description": "The aluminum case is lightweight and made from 100 percent recycled aerospace-grade alloy.The Sport Loop is made from a soft and breathable double-layer nylon weave, with a hook-and-loop fastener for quick and easy adjustment.",
  "brand": "Apple",
  "unit": "12pcs",
  "quantity": 32,
  "colors": [
    "red",
    "yellow",
    "black"
  ],
  "type": "Top Rated",
  "status": "active",
  "croppoints": 450,
  "updatedAt": {
    "$date": "2023-03-06T09:44:03.056Z"
  }
},{
  "_id": {
    "$oid": "63ef401b3bc1be99b8cd6ed9"
  },
  "sku": "29045-SB-3",
  "title": "TECLAST Tablet Protective Cover Case",
  "parent": "Ipad Phone & Tablets",
  "children": "tablet",
  "tags": [
    "Tablet",
    "TECLAST"
  ],
  "image": "https://i.ibb.co/FhzmCxJ/product-3.jpg",
  "originalPrice": 899,
  "price": 899,
  "discount": 12,
  "relatedImages": [
    "https://i.ibb.co/FhzmCxJ/product-3.jpg",
    "https://i.ibb.co/1XMnN9N/product-rel-3-3.jpg",
    "https://i.ibb.co/nctKTQn/product-rel-3-2.jpg",
    "https://i.ibb.co/3z9WypX/product-rel-3-1.jpg"
  ],
  "description": "Applicable Model: Tablet leather case is custom-made for TECLAST M40 Pro 10/10.1 inch tablet Hole Position Design: Full Protection while staying lightweight and portable, allow full access to all features (buttons, speakers, cameras). Stable Stand : With anti-drop and anti-vibration flip case cover tablet stand, you can stand the tablet up at angles for the best reading, watching movies, viewing and typing experience Magnetic Expandibility: Case is embeded with a lining of magnets to pair with accessories for expanded function Premium Materials: Made from high quality PU Leather, gives a smooth delicate texture on the outside and shock absorption on the inside, soft interior never scratches or hurts your screen",
  "brand": "TECLAST",
  "unit": "20pcs",
  "quantity": 60,
  "colors": [
    "green",
    "orange",
    "black"
  ],
  "type": "Top Rated",
  "status": "active",
  "croppoints": 450,
  "updatedAt": {
    "$date": "2023-03-06T09:44:03.056Z"
  }
},{
  "_id": {
    "$oid": "63ef4ac03bc1be99b8cd6ee5"
  },
  "sku": "29045-SB-4",
  "title": "Bluefin Fitness Unisex Adult Tour",
  "parent": "Exercise Bike & Shaver Clean",
  "children": "exercise-bike",
  "tags": [
    "Bluefin",
    "Fitness"
  ],
  "image": "https://i.ibb.co/FY0k703/product-4.jpg",
  "originalPrice": 996,
  "price": 996,
  "discount": 0,
  "relatedImages": [
    "https://i.ibb.co/FY0k703/product-4.jpg",
    "https://i.ibb.co/7JYhZmv/product-rel-4-1.jpg",
    "https://i.ibb.co/QPzqwhP/product-rel-4-2.jpg",
    "https://i.ibb.co/V9v6crr/product-rel-4-3.jpg"
  ],
  "description": "Built-in smartphone Kinomap app: The home trainer bike is compatible with the Kinomap Fitness app – giving you access to thousands of training videos from around the world, coaching and training courses as well as guided workouts. Join the Kinomap community today! Integrated training programmes: The exercise bike is the perfect exercise bike equipped with 12 x automatic training programs from which you can choose between + 24 x manual resistance levels. Speed bike or simulate cross-country tours with variable incline and gradient resistance. Whisper-quiet movement: The 12 kg high performance flywheel and the low-noise chain drive system benefit from a secure braking system that allows you to quickly and easily stop your fitness bike. LCD display: Measure time, distance, calorie consumption and pulse rate on the multi-functional LCD display with backlight. Motivate yourself even more to achieve all your fitness goals. Home sports equipment from Bluefin Fitness. Low stress for joints, high training intensity: The Tour 5.0 exercise bike is the perfect indoor bike, it offers a cardio training of the highest class with low strain for your joints and many benefits for your health and fitness.",
  "brand": "Bluefin Fitness",
  "unit": "6pcs",
  "quantity": 18,
  "colors": [
    "yellow",
    "black"
  ],
  "type": "Top Rated",
  "status": "active",
  "croppoints": 450,
  "updatedAt": {
    "$date": "2023-03-06T09:44:03.056Z"
  }
},{
  "_id": {
    "$oid": "63ef4b503bc1be99b8cd6ee6"
  },
  "sku": "29045-SB-5",
  "title": "E68 Wireless Headphone Bluetooth",
  "parent": "Camera Bluetooth & Headset",
  "children": "bluetooth",
  "tags": [
    "Wireless",
    "Headphone",
    "Bluetooth"
  ],
  "image": "https://i.ibb.co/x81YysG/product-5.jpg",
  "originalPrice": 114,
  "price": 114,
  "discount": 0,
  "relatedImages": [
    "https://i.ibb.co/x81YysG/product-5.jpg",
    "https://i.ibb.co/ZYTNDTn/product-rel-5-1.jpg",
    "https://i.ibb.co/23tH4KT/product-rel-5-2.jpg",
    "https://i.ibb.co/d7zv8gD/product-rel-5-3.jpg"
  ],
  "description": "LED Power Display& 35H Playback: Smart LED three-screen display outside of the case is to show the power level for charging case and earbuds. When you put earbuds into the case, then earbuds will start to be charged. Charging case can provide 5 times full charging for both earbuds, the charging case LED power display will start to flash from 100 to 1, each earbud can last 6-7H on single charging. So, you can enjoy 35H music time in total. 3D Stereo Audio: The Bluetooth Earbuds are designed for sound and music lovers. Equipped with 13mm speakers and triple-layer composite diaphragms provide powerful bass, stunning treble and clear Mids. Support spatial audio, 360° surround sound field, bring an immersive and shocking experience. (Need to match a sound source that conforms to spatial audio).",
  "brand": "US1984",
  "unit": "50pcs",
  "quantity": 35,
  "colors": [
    "red",
    "black"
  ],
  "type": "Top Rated",
  "status": "active",
  "croppoints": 450,
  "updatedAt": {
    "$date": "2023-03-06T09:44:03.056Z"
  }
},{
  "_id": {
    "$oid": "63ef4bf23bc1be99b8cd6ee7"
  },
  "sku": "29045-SB-6",
  "title": "ViewSonic Professional Monitor",
  "parent": "Computers Monitor & Laptop",
  "children": "monitor",
  "tags": [
    "ViewSonic",
    "Monitor",
    "Computer"
  ],
  "image": "https://i.ibb.co/ncm9NFx/product-6.jpg",
  "originalPrice": 299,
  "price": 299,
  "discount": 6,
  "relatedImages": [
    "https://i.ibb.co/ncm9NFx/product-6.jpg",
    "https://i.ibb.co/y6w6TkJ/product-rel-6-1.jpg",
    "https://i.ibb.co/BP1Y7XK/product-rel-6-2.jpg",
    "https://i.ibb.co/WxXmTNt/product-rel-6-3.jpg"
  ],
  "description": "Designed with creative professionals in mind, the ViewSonic VP2756-2k delivers stunning true-to-life colours on screen. Pantone validated 100% sRGB coverage provides precise colour reproduction, ensuring your work looks how it should, every time. A USB-C port that easily connects with your devices for easy charging and data transfer. Ergonomic engineering gives you the flexibility to do more without injury, while Auto Pivot lets shift between horizontal and vertical orientations effortlessly, letting your work be viewed how it’s supposed to be.​",
  "brand": "ViewSonic",
  "unit": "12pcs",
  "quantity": 22,
  "colors": [
    "red",
    "black",
    "white"
  ],
  "type": "Top Rated",
  "status": "active",
  "croppoints": 450,
  "updatedAt": {
    "$date": "2023-03-06T09:44:03.056Z"
  }
},{
  "_id": {
    "$oid": "63ef4c9a3bc1be99b8cd6ee8"
  },
  "sku": "29045-SB-7",
  "title": "Xiaomi Poco M4 pro 5G",
  "parent": "Ipad Phone & Tablets",
  "children": "phone",
  "tags": [
    "Xiaomi",
    "Mobile",
    "Smartphone"
  ],
  "image": "https://i.ibb.co/zR5hfxR/product-7.jpg",
  "originalPrice": 67,
  "price": 67,
  "discount": 0,
  "relatedImages": [
    "https://i.ibb.co/zR5hfxR/product-7.jpg",
    "https://i.ibb.co/zQF5dfK/product-rel-7-1.jpg",
    "https://i.ibb.co/cxxqWPw/product-rel-7-2.jpg",
    "https://i.ibb.co/S79d1H8/product-rel-7-3.jpg"
  ],
  "description": "Storage & RAM 4GB+64GB, 6GB+128GB LPDDR4X RAM + UFS 2.2 storage Expandable storage up to 1TB * Available storage and RAM are less than the total memory due to storage of the operating system and software pre-installed on the device.​",
  "brand": "Xiaomi",
  "unit": "39pcs",
  "quantity": 52,
  "colors": [
    "yellow",
    "black",
    "white"
  ],
  "type": "Top Rated",
  "status": "active",
  "croppoints": 450,
  "updatedAt": {
    "$date": "2023-03-06T09:44:03.056Z"
  }
},{
  "_id": {
    "$oid": "63ef4d5d3bc1be99b8cd6ee9"
  },
  "sku": "29045-SB-8",
  "title": "VR Virtual Reality Headset",
  "parent": "Planer & Virtual",
  "children": "virtual",
  "tags": [
    "WM-MSMY",
    "Headset",
    "Virtual"
  ],
  "image": "https://i.ibb.co/tzqwyQ1/product-8.jpg",
  "originalPrice": 137,
  "price": 137,
  "discount": 10,
  "relatedImages": [
    "https://i.ibb.co/tzqwyQ1/product-8.jpg",
    "https://i.ibb.co/1J2c78M/product-rel-8-3.jpg",
    "https://i.ibb.co/KW9VTQ7/product-rel-8-2.jpg",
    "https://i.ibb.co/Ksgq6G6/product-rel-8-1.jpg"
  ],
  "description": "[WITH A LARGE HEADSET]The VR glasses with a large headset provides a great experience. The sound quality is strong and stable, the large screen frame is detachable, both large and small screen phones are available (maximum support 7 inches screen phone).[ FULL-SCREEN VISUAL EXPERIENCE]The maximum image effect and overall experience enable you to enjoy wonderful movies as if you were sitting in front of the theater screen. There is no black-box effect when watching movies.[ENJOY THE VISUAL FEAST]There are independent adjusters for pupil and 0-800° myopia adjustment, so as to provide users with the best visual field. When wearing the goggles, 0-800° myopia users do not need to wear another pair of glasses.​",
  "brand": "WM-MSMY",
  "unit": "39pcs",
  "quantity": 14,
  "colors": [
    "black",
    "white"
  ],
  "type": "Top Rated",
  "status": "active",
  "croppoints": 450,
  "updatedAt": {
    "$date": "2023-03-06T09:44:03.056Z"
  }
},{
  "_id": {
    "$oid": "63ef4dcf3bc1be99b8cd6eea"
  },
  "sku": "29045-SB-9",
  "title": "Tempo Sphera Spinning Reel",
  "parent": "Spinning Reel & Kettle",
  "children": "spinning-reel",
  "tags": [
    "Tempo",
    "Reel",
    "Spinning"
  ],
  "image": "https://i.ibb.co/FWFHb8W/product-9.jpg",
  "originalPrice": 799,
  "price": 799,
  "discount": 15,
  "relatedImages": [
    "https://i.ibb.co/FWFHb8W/product-9.jpg",
    "https://i.ibb.co/8zmD3LW/product-rel-9-3.jpg",
    "https://i.ibb.co/Rhsg2YB/product-rel-9-2.jpg",
    "https://i.ibb.co/MpGW3j6/product-rel-9-1.jpg"
  ],
  "description": "Lightweight – The Sphera Plus spinning reel features a lightweight, yet strong, carbon body and GV rotor. Weight is further reduced by the ergonomic EVA handle knobs and an aircraft aluminum 7075 pinion gear. Durable – The stainless-steel main shaft and aluminum pinion,the carbon body and GV rotor provide unyielding performance that you can rely on. The aluminum bail is strong while ensuring consistent line placement on the line roller and spool. Powerful – The Sphera Plus spinning reel comes with a smooth and powerful carbon fiber drag system that has a max drag of 38 lbs. The drag a sealed to keeps water and dirt out ensuring a continuously consistent drag.​",
  "brand": "Tempo",
  "unit": "26pcs",
  "quantity": 21,
  "colors": [
    "black",
    "yellow"
  ],
  "type": "Top Rated",
  "status": "active",
  "croppoints": 450,
  "updatedAt": {
    "$date": "2023-03-06T09:44:03.056Z"
  }
},{
  "_id": {
    "$oid": "63ef50a83bc1be99b8cd6eeb"
  },
  "sku": "29045-SB-10",
  "title": "Stariver Electric Kettle",
  "parent": "Spinning Reel & Kettle",
  "children": "kettle",
  "tags": [
    "Stariver",
    "Electric",
    "Kettle"
  ],
  "image": "https://i.ibb.co/CJY9h5v/product-10.jpg",
  "originalPrice": 59,
  "price": 59,
  "discount": 0,
  "relatedImages": [
    "https://i.ibb.co/CJY9h5v/product-10.jpg",
    "https://i.ibb.co/fpwMhjX/product-rel-10-3.jpg",
    "https://i.ibb.co/KhnyH3v/product-rel-10-2.jpg",
    "https://i.ibb.co/tXNdrDZ/product-rel-10-1.jpg"
  ],
  "description": "★ [Practical Gooseneck Spout] - This kettle is designed with a gooseneck spout for precision control during pouring. The long and slender opening can greatly control the water flow to give a steady and predictable pour so that you can perfectly extract to enjoy a good cup of coffee, tea or milk. ★[Food Grade Stainless Steel] - This gooseneck kettle is 100% BPA-free, the interior of the kettle is totally made of food-grade stainless steel without any plastic. In order to bring you healthier drinking and higher life quality. There will be no plastic or metal taste in your water or coffee. ★ [Humanization Design] - One-touch switch is easy to operate the kettle, and the ergonomic design allows the kettle to be easily lifted off for pouring after the water boiling. The cool touch and grip design of handle can ergonomically give you a real and comfortable grip on your kettle.​",
  "brand": "Stariver",
  "unit": "57pcs",
  "quantity": 48,
  "colors": [
    "black",
    "yellow",
    "pink"
  ],
  "type": "Top Rated",
  "status": "active",
  "croppoints": 450,
  "updatedAt": {
    "$date": "2023-03-06T09:44:03.056Z"
  }
},{
  "_id": {
    "$oid": "63ef559e3bc1be99b8cd6eec"
  },
  "sku": "29045-SB-11",
  "title": "Braun Series Electric Shaver Clean",
  "parent": "Exercise Bike & Shaver Clean",
  "children": "shaver-clean",
  "tags": [
    "Shaver",
    "Clean",
    "Braun"
  ],
  "image": "https://i.ibb.co/qdks33N/product-11.jpg",
  "originalPrice": 299,
  "price": 299,
  "discount": 12,
  "relatedImages": [
    "https://i.ibb.co/qdks33N/product-11.jpg",
    "https://i.ibb.co/3dt51qq/product-rel-11-3.jpg",
    "https://i.ibb.co/zRwtsHQ/product-rel-11-2.jpg",
    "https://i.ibb.co/tBvm5bg/product-rel-11-1.jpg"
  ],
  "description": "One of the world's most efficient electric shaver; efficient, close and gentle, for a flawless shave High Efficiency: Five shaving elements get more hair in one stroke than any other shavers Best for gentleness: Sonic vibrations glide over your skin for maximum skin comfort Use wet or dry with 20 Percent more battery power versus previous Series 9 Product designed, engineered and made in Germany; recommended by GQ and the Skin Health Alliance accredited​",
  "brand": "Braun",
  "unit": "62pcs",
  "quantity": 52,
  "colors": [
    "black",
    "orange",
    "yellow"
  ],
  "type": "Top Rated",
  "status": "active",
  "croppoints": 450,
  "updatedAt": {
    "$date": "2023-03-06T09:44:03.056Z"
  }
},{
  "_id": {
    "$oid": "63ef56733bc1be99b8cd6eed"
  },
  "sku": "29045-SB-12",
  "title": "STANLEY STPP7502 750W 2mm Planer",
  "parent": "Planer & Virtual",
  "children": "planer",
  "tags": [
    "STANLEY",
    "Planer"
  ],
  "image": "https://i.ibb.co/hRVLpFr/product-12.jpg",
  "originalPrice": 356,
  "price": 356,
  "discount": 0,
  "relatedImages": [
    "https://i.ibb.co/hRVLpFr/product-12.jpg",
    "https://i.ibb.co/VjDs4k3/product-rel-12-3.jpg",
    "https://i.ibb.co/Tmfwrnm/product-rel-12-2.jpg",
    "https://i.ibb.co/kcLbFK4/product-rel-12-1.jpg"
  ],
  "description": "Robust and powerful 750 watts motor provides smooth results, even in hard wood and at maximum depth of cut 2 high quality reversible TCT blades ensure maximum life and a superior finish The choice of left or right chip ejection makes the planer more comfortable to use 2mm depth of cut ensures a large amount of wood can be removed in one pass 0.2mm depth of cut setting for increased accuracy 12mm maximum rebate depth broadens the applications the planer can be used Easy empty dust bag for more flexibility and a cleaner working environment​",
  "brand": "STANLEY",
  "unit": "80pcs",
  "quantity": 36,
  "colors": [
    "green",
    "red",
    "orange"
  ],
  "type": "Top Rated",
  "status": "active",
  "croppoints": 450,
  "updatedAt": {
    "$date": "2023-03-06T09:44:03.056Z"
  }
},{
  "_id": {
    "$oid": "63ef584c3bc1be99b8cd6eee"
  },
  "sku": "29045-SC-1",
  "title": "Apple iPhone 14 Pro Max",
  "parent": "Ipad Phone & Tablets",
  "children": "phone",
  "tags": [
    "iPhone",
    "Apple",
    "Phone"
  ],
  "image": "https://i.ibb.co/jR68Cr9/product-13.jpg",
  "originalPrice": 1860.65,
  "price": 1860.65,
  "discount": 10,
  "relatedImages": [
    "https://i.ibb.co/jR68Cr9/product-13.jpg",
    "https://i.ibb.co/bRw7T5d/product-rel-13-2.jpg",
    "https://i.ibb.co/7jM5MxM/product-rel-13-3.jpg",
    "https://i.ibb.co/JqBZ7cn/product-rel-13-1.jpg"
  ],
  "description": "Basic specification is RAM: 6GB, Storage: 256GB, Camera: Quad Camera: 48 MP, (wide), dual pixel PDAF, sensor-shift OIS + 12 MP, f/2.8, 77mm (telephoto), PDAF, OIS, 3x optical zoom + 12 MP, f/1.8, 13mm, (ultrawide), PDAF, dual-LED dual-tone, Battery: Li-ion Non removable , Screen: 6.7 Inches , 5G Support,.​",
  "brand": "Apple",
  "unit": "100pcs",
  "quantity": 50,
  "colors": [
    "black",
    "white"
  ],
  "type": "Best Selling",
  "status": "active",
  "croppoints": 450,
  "updatedAt": {
    "$date": "2023-03-06T09:44:03.056Z"
  }
},{
  "_id": {
    "$oid": "63ef5e853bc1be99b8cd6eef"
  },
  "sku": "29045-SC-2",
  "title": "Apple iPhone 13 Pro Max",
  "parent": "Ipad Phone & Tablets",
  "children": "phone",
  "tags": [
    "iPhone",
    "Apple",
    "Phone"
  ],
  "image": "https://i.ibb.co/chbrFCn/product-14.jpg",
  "originalPrice": 1660,
  "price": 1660,
  "discount": 0,
  "relatedImages": [
    "https://i.ibb.co/chbrFCn/product-14.jpg",
    "https://i.ibb.co/khwnyH4/product-rel-14-1.jpg",
    "https://i.ibb.co/ZKXqvXH/product-rel-14-2.jpg",
    "https://i.ibb.co/0hMKtrT/product-rel-14-3.jpg"
  ],
  "description": "Apple iPhone 13 Pro is the first from the company to get ProMotion 120Hz display. It also features a 6.1-inch Super Retina OLED display, powered by new A15 Bionic chip with 6GB RAM and offers 256GB storage. The triple cameras have gotten much better thanks to bigger sensors on board. The battery life sees a big improvement as well. However, the model comes without headphone jack, memory card slot and 20W fast charging is not sufficient for the price. Get the new iPhone 13 Pro for its improved screen, cameras and battery but you have to pay a premium for it.​",
  "brand": "Apple",
  "unit": "68pcs",
  "quantity": 35,
  "colors": [
    "black",
    "green",
    "orange"
  ],
  "type": "Best Selling",
  "status": "active",
  "croppoints": 450,
  "updatedAt": {
    "$date": "2023-03-06T09:44:03.056Z"
  }
},{
  "_id": {
    "$oid": "63ef5f7b3bc1be99b8cd6ef0"
  },
  "sku": "29045-SC-3",
  "title": "Hious Case for Lenovo Yoga Tab 13",
  "parent": "Ipad Phone & Tablets",
  "children": "tablet",
  "tags": [
    "Hious",
    "Lenovo",
    "Tab"
  ],
  "image": "https://i.ibb.co/XYPhr5Z/product-15.jpg",
  "originalPrice": 779,
  "price": 779,
  "discount": 0,
  "relatedImages": [
    "https://i.ibb.co/XYPhr5Z/product-15.jpg",
    "https://i.ibb.co/J5bqcfB/product-rel-15-1.jpg",
    "https://i.ibb.co/fDsmhR6/product-rel-15-2.jpg",
    "https://i.ibb.co/bXP6p4X/product-rel-15-3.jpg"
  ],
  "description": "【Compatibility】This tablet case is designed for 2021 released Lenovo Yoga Tab 13\" (YT-K606F) Tablet,NOT compatible with any other tablet models.【Material】Soft TPU back cover protect your tablet from shocks, drops and impacts. Soft microfiber lining with PU leather exterior, prevent your tablet from scratched. 【Card Slots Feature】The unique shaped card slot outside allows you conveniently store other accessories such as cashes, credit cards, and other small items.\n      【Lightweight yet Shockproof】Built with quality material, adds minimal bulk while providing reliable protection against scratches bumps and shocks.",
  "brand": "Hious",
  "unit": "73pcs",
  "quantity": 48,
  "colors": [
    "black",
    "white"
  ],
  "type": "Best Selling",
  "status": "active",
  "croppoints": 450,
  "updatedAt": {
    "$date": "2023-03-06T09:44:03.056Z"
  }
},{
  "_id": {
    "$oid": "63ef5fe53bc1be99b8cd6ef1"
  },
  "sku": "29045-SC-4",
  "title": "Apple iPad mini",
  "parent": "Ipad Phone & Tablets",
  "children": "iPad",
  "tags": [
    "Apple",
    "iPad",
    "Mini"
  ],
  "image": "https://i.ibb.co/SBx55HB/product-16.jpg",
  "originalPrice": 887,
  "price": 887,
  "discount": 0,
  "relatedImages": [
    "https://i.ibb.co/SBx55HB/product-16.jpg",
    "https://i.ibb.co/gySZN6f/product-rel-16-1.jpg",
    "https://i.ibb.co/2nFyx9f/product-rel-16-2.jpg",
    "https://i.ibb.co/6RqsZRp/product-rel-16-3.jpg"
  ],
  "description": "21.08 cm (8.3-inch) Liquid Retina display with True Tone and wide colour A15 Bionic chip with NeuralEngine Touch ID for secure authentication 12MP Wide back camera, 12MP Ultra Wide front camera with Centre Stage Available in purple, starlight, pink and space grey Landscape stereo speakers Stay connected with ultra-fast Wi-Fi 6",
  "brand": "Apple",
  "unit": "18pcs",
  "quantity": 45,
  "colors": [
    "black",
    "orange",
    "yellow"
  ],
  "type": "Best Selling",
  "status": "active",
  "croppoints": 450,
  "updatedAt": {
    "$date": "2023-03-06T09:44:03.056Z"
  }
},{
  "_id": {
    "$oid": "63ef60393bc1be99b8cd6ef2"
  },
  "sku": "29045-SC-5",
  "title": "Microsoft's Surface Hub 2S",
  "parent": "Computers Monitor & Laptop",
  "children": "monitor",
  "tags": [
    "Microsoft",
    "Surface",
    "Hub"
  ],
  "image": "https://i.ibb.co/KjVfq5j/product-17.jpg",
  "originalPrice": 799,
  "price": 799,
  "discount": 3,
  "relatedImages": [
    "https://i.ibb.co/KjVfq5j/product-17.jpg",
    "https://i.ibb.co/Fn76XBt/product-rel-17-1.jpg",
    "https://i.ibb.co/q5tWD7B/product-rel-17-2.jpg",
    "https://i.ibb.co/7Y8dxKZ/product-rel-17-3.jpg"
  ],
  "description": "Sleek, slim design with the thinnest edge and bezel of any device in its class1 A brilliant 4K+ screen, 4K camera, and enhanced speakers and mics A great platform for Microsoft Teams and Skype for Business2 Next-level brainstorming, with Microsoft Whiteboard, a persistent digital canvas Sign in to access OneDrive files or project content wirelessly with Miracast Interact naturally with Surface Hub 2 Pen3 and touch functionality Fully integrated Windows 10 device: natively-run, must-have Microsoft and third-party apps Experience mobile, cordless teamwork with Steelcase Roam™ mobile stand and APC™ Charge Mobile Battery*",
  "brand": "Microsoft",
  "unit": "27pcs",
  "quantity": 40,
  "colors": [
    "black",
    "white"
  ],
  "type": "Best Selling",
  "status": "active",
  "croppoints": 450,
  "updatedAt": {
    "$date": "2023-03-06T09:44:03.056Z"
  }
},{
  "_id": {
    "$oid": "63ef60e93bc1be99b8cd6ef3"
  },
  "sku": "29045-SC-6",
  "title": "Interactive Whiteboard Microsoft Surface Hub",
  "parent": "Computers Monitor & Laptop",
  "children": "monitor",
  "tags": [
    "Microsoft",
    "Surface",
    "Hub"
  ],
  "image": "https://i.ibb.co/VgWWh1S/product-18.jpg",
  "originalPrice": 688,
  "price": 688,
  "discount": 0,
  "relatedImages": [
    "https://i.ibb.co/VgWWh1S/product-18.jpg",
    "https://i.ibb.co/4gS0dqQ/product-rel-18-1.jpg",
    "https://i.ibb.co/ykWX7Km/product-rel-18-2.jpg",
    "https://i.ibb.co/MDG33wH/product-rel-18-3.jpg"
  ],
  "description": "Interactive whiteboard - touchscreen, 50\" - PixelSense Display, 3:2 aspect ratio, 10-bit color, 15.5mm border, anti-glare, IPS LCD Quad-core 8th Generation Intel Core i5 processor, 8GB RAM, 128GB SSD3\n      Intel UHD Graphics 620, Windows 10, Microsoft Surface Hub 2 Camera 4K, Microsoft Surface Hub 2 Pen (active) Wi-Fi 5 (IEEE 802.11 a/b/g/n/ac compatible), Bluetooth Wireless 4.1 technology, Miracast Display, Surface Hub 2 Pen, Surface Hub 2 Camera *Case and mount not included",
  "brand": "Microsoft",
  "unit": "38pcs",
  "quantity": 19,
  "colors": [
    "black",
    "white"
  ],
  "type": "Best Selling",
  "status": "active",
  "croppoints": 450,
  "updatedAt": {
    "$date": "2023-03-06T09:44:03.056Z"
  }
},{
  "_id": {
    "$oid": "63ef61a03bc1be99b8cd6ef4"
  },
  "sku": "29045-SC-7",
  "title": "Sennheiser Sport True Wireless Earbuds",
  "parent": "Wireless & Watches",
  "children": "wireless",
  "tags": [
    "Wireless",
    "Bluetooth",
    "Audio"
  ],
  "image": "https://i.ibb.co/48cJT1N/product-19.jpg",
  "originalPrice": 169,
  "price": 169,
  "discount": 0,
  "relatedImages": [
    "https://i.ibb.co/48cJT1N/product-19.jpg",
    "https://i.ibb.co/jwCpxDJ/product-rel-19-3.jpg",
    "https://i.ibb.co/W0tC2Wx/product-rel-19-1.jpg",
    "https://i.ibb.co/Tmqv9WZ/product-rel-19-2.jpg"
  ],
  "description": "SUPERIOR SOUND, NO COMPROMISE: Powered by Sennheiser’s TrueResponse transducer, personalized with the built-in equalizer and with a wide range of Bluetooth codec support (AAC, aptX, SBC)\n ADAPTABLE ACOUSTICS: Open ear adapters for situational awareness so you can stay in tune with the world and closed ear adapters for passive noise cancellation to block distractions so you can focus on your workout\n SECURE CUSTOMIZED FIT: Compact, ergonomic design, interchangeable fins and a choice of ear adapters let you achieve optimal comfort and a secure fit\n IP54 DUST, SPLASH & SWEAT: Enjoy an outstanding audio experience no matter where you are or how much you push the limits\n LONG BATTERY LIFE: Get up to 27 hours of music playtime with on the go charging with the high-quality case that comes with the product",
  "brand": "Sennheiser Consumer Audio",
  "unit": "58pcs",
  "quantity": 33,
  "colors": [
    "black"
  ],
  "type": "Best Selling",
  "status": "active",
  "croppoints": 450,
  "updatedAt": {
    "$date": "2023-03-06T09:44:03.056Z"
  }
},{
  "_id": {
    "$oid": "63ef64ac3bc1be99b8cd6ef6"
  },
  "sku": "29045-SD-1",
  "title": "Bluetooth speaker with light",
  "parent": "Camera Bluetooth & Headset",
  "children": "bluetooth",
  "tags": [
    "Bluetooth",
    "Speaker",
    "Night Light"
  ],
  "image": "https://i.ibb.co/zJnrwrK/product-21.jpg",
  "originalPrice": 89,
  "price": 89,
  "discount": 0,
  "relatedImages": [
    "https://i.ibb.co/zJnrwrK/product-21.jpg",
    "https://i.ibb.co/TMPjtFq/product-rel-21-1.jpg",
    "https://i.ibb.co/fvC40Qt/product-rel-21-2.jpg",
    "https://i.ibb.co/8BfKR1r/product-rel-21-3.jpg",
    "https://i.ibb.co/cLbzchR/product-rel-21-4.jpg"
  ],
  "description": "Super Multifunction: Best gift for all festivals! Touch Control Night Light + Bluetooth Speaker + MP3 Player + Digital Alarm Clock Compatible with all bluetooth devices Support flash drive micro SD card input 3 level brightness adjustable with the cool touch sensor design warm led night light can provide a comfortable environment create for you. Bluetooth 4.0 Hi-Fi Speaker: Easily connected with most bluetooth devices, 33Ft bluetooth range. With the help of a powerful woofer and unique bass technology, you can enjoy Super Quality Sound.",
  "brand": "Aisuo",
  "unit": "32pcs",
  "quantity": 54,
  "colors": [
    "green",
    "yellow",
    "pink",
    "red"
  ],
  "type": "Latest Products",
  "status": "active",
  "croppoints": 450,
  "updatedAt": {
    "$date": "2023-03-06T09:44:03.056Z"
  }
},{
  "_id": {
    "$oid": "63ef6576e5d09c1081c213ae"
  },
  "sku": "29045-SD-2",
  "title": "Alarm Clock for Kids",
  "parent": "Wireless & Watches",
  "children": "watch",
  "tags": [
    "Clock",
    "Kids",
    "Alarm"
  ],
  "image": "https://i.ibb.co/64YcCT2/product-22.jpg",
  "originalPrice": 58,
  "price": 58,
  "discount": 0,
  "relatedImages": [
    "https://i.ibb.co/64YcCT2/product-22.jpg",
    "https://i.ibb.co/MRvxQV0/product-rel-22-3.jpg",
    "https://i.ibb.co/ZT1bFvx/product-rel-22-1.jpg",
    "https://i.ibb.co/5Y2tKdR/product-rel-22-2.jpg"
  ],
  "description": "We design this kids alarm clock okay to wake clock is not just can help you kids to establish a healthy lifestyle, but also would be a nice decoration for your kids room. ALL IN ONE KIDS CLOCK FOR TODDLERS It's a fun and simple way to tell kids when it's time to rise and sleep, so parents get more sleep and no more early morning wake up calls Whether you're using this as alarm clock for kids bedroom, children sleep trainer,Nap timer , night light, sound machine, our toddlers clock Beeno has everything you need.\n      ALARM CLOCK FOR KIDS Wake up light alarm clock Beeno uses funny facial expressions and soft colors to teach your child when time to sleep and when Okay to wake up .When Beeno turns blue, It's time to bedtime When Beeno turns yellow, there is a 30 minute countdown time to wake up. It's fine to get out of the bedroom, when Beeno glows green",
  "brand": "USAOSHOP",
  "unit": "47pcs",
  "quantity": 80,
  "colors": [
    "green",
    "yellow",
    "pink",
    "white"
  ],
  "type": "Latest Products",
  "status": "active",
  "croppoints": 450,
  "updatedAt": {
    "$date": "2023-03-06T09:44:03.056Z"
  }
},{
  "_id": {
    "$oid": "63ef65ffe5d09c1081c213af"
  },
  "sku": "29045-SD-3",
  "title": "Cougar Gaming Case (Conquer)",
  "parent": "Computers Monitor & Laptop",
  "children": "computer",
  "tags": [
    "PC",
    "Gaming",
    "Cougar"
  ],
  "image": "https://i.ibb.co/mCKTs61/product-23.jpg",
  "originalPrice": 599,
  "price": 599,
  "discount": 15,
  "relatedImages": [
    "https://i.ibb.co/mCKTs61/product-23.jpg",
    "https://i.ibb.co/7yvNhQS/product-rel-23-2.jpg",
    "https://i.ibb.co/z8JJtJN/product-rel-23-3.jpg",
    "https://i.ibb.co/4tKmcCH/product-rel-23-4.jpg",
    "https://i.ibb.co/5YYB2jG/product-rel-23-1.jpg"
  ],
  "description": "Conquer's unique aluminum framing design breaks away from traditional cases. It provides an easy way to build and modify the case. With its superior expandability, modders will have unprecedented levels of freedom to create a dream case beyond imagination.",
  "brand": "Cougar gaming",
  "unit": "60pcs",
  "quantity": 55,
  "colors": [
    "black",
    "orange",
    "pink"
  ],
  "type": "Latest Products",
  "status": "active",
  "croppoints": 450,
  "updatedAt": {
    "$date": "2023-03-06T09:44:03.056Z"
  }
},{
  "_id": {
    "$oid": "63ef6924e5d09c1081c213b3"
  },
  "sku": "29045-SD-4",
  "title": "Polaroid Go and Camera Case Bundle",
  "parent": "Camera Bluetooth & Headset",
  "children": "camera",
  "tags": [
    "Camera",
    "Polaroid",
    "Case Bundle"
  ],
  "image": "https://i.ibb.co/VWr49c2/product-24.jpg",
  "originalPrice": 35,
  "price": 35,
  "discount": 0,
  "relatedImages": [
    "https://i.ibb.co/VWr49c2/product-24.jpg",
    "https://i.ibb.co/n6x6vLd/product-rel-24-2.jpg",
    "https://i.ibb.co/gZ0jRFB/product-rel-24-3.jpg",
    "https://i.ibb.co/YZ5bsdf/product-rel-24-4.jpg",
    "https://i.ibb.co/QpsZkT9/product-rel-24-1.jpg"
  ],
  "description": "NEW POLAROID CAMERA: The Polaroid GO is so cute you want to squeeze its cheeks. Create big, with the tiniest member of the Polaroid family. CREATE BIG, SMALLER: Portable, wearable, and take-anywhere-able. The Polaroid Go camera is your new mini partner in creativity. Keep your Polaroid Go camera safe, secure, and stylish. Available in three cold colors; Red, Black and White. The Polaroid Go camera case holds your camera tightly in place, and easily clips to your bag or belt loop.",
  "brand": "Polaroid",
  "unit": "32pcs",
  "quantity": 6,
  "colors": [
    "black",
    "red",
    "white"
  ],
  "type": "Latest Products",
  "status": "active",
  "croppoints": 450,
  "updatedAt": {
    "$date": "2023-03-06T09:44:03.056Z"
  }
},{
  "_id": {
    "$oid": "63ef6b7ee5d09c1081c213b4"
  },
  "sku": "29045-SD-5",
  "title": "Wireless Rechargeable Battery Powered Camera",
  "parent": "Camera Bluetooth & Headset",
  "children": "camera",
  "tags": [
    "Camera",
    "Wireless",
    "Battery"
  ],
  "image": "https://i.ibb.co/qxYc8ts/product-25.jpg",
  "originalPrice": 56,
  "price": 56,
  "discount": 0,
  "relatedImages": [
    "https://i.ibb.co/qxYc8ts/product-25.jpg",
    "https://i.ibb.co/kQXkMXk/product-rel-25-2.jpg",
    "https://i.ibb.co/Hn9dfTZ/product-rel-25-3.jpg",
    "https://i.ibb.co/rkVMD0Z/product-rel-25-4.jpg",
    "https://i.ibb.co/r7S9nQK/product-rel-25-1.jpg"
  ],
  "description": "RECHARGEABLE & LONG STANDBY TIME: This rechargeable camera comes with a 6000mAh battery that lasts up to 2 5 months when fully charged so that you dont have to worry about continuously charging it(Tips: FULLY CHARGE when use it for first time). EASY TO INSTALL & USE: This wire-free battery powered outdoor security camera takes less than 5 minutes to set up without having to use any complicated tools. It comes with a magnetic bracket screw and double-sided adhesive tape allowing you to install it. anywhere you want.",
  "brand": "ZUMIMALL",
  "unit": "48pcs",
  "quantity": 23,
  "colors": [
    "black",
    "gray",
    "white"
  ],
  "type": "Latest Products",
  "status": "active",
  "croppoints": 450,
  "updatedAt": {
    "$date": "2023-03-06T09:44:03.056Z"
  }
},{
  "_id": {
    "$oid": "63ef6bd2e5d09c1081c213b5"
  },
  "sku": "29045-SD-6",
  "title": "New Beats Studio Buds",
  "parent": "Camera Bluetooth & Headset",
  "children": "bluetooth",
  "tags": [
    "Beats",
    "Buds",
    "Studio"
  ],
  "image": "https://i.ibb.co/CB7zKR9/product-26.jpg",
  "originalPrice": 100,
  "price": 100,
  "discount": 0,
  "relatedImages": [
    "https://i.ibb.co/CB7zKR9/product-26.jpg",
    "https://i.ibb.co/cNZWwqs/product-rel-26-4.jpg",
    "https://i.ibb.co/KmC6QT4/product-rel-26-1.jpg",
    "https://i.ibb.co/23nYWyY/product-rel-26-2.jpg",
    "https://i.ibb.co/XYCLWD0/product-rel-26-3.jpg"
  ],
  "description": "Custom acoustic platform delivers powerful, balanced sound Control your sound with two distinct listening modes: Active Noise Cancelling (ANC) and Transparency mode Three soft ear tip sizes for a stable and comfortable fit while ensuring an optimum acoustic seal Up to 8 hours of listening time1 (up to 24 hours combined with pocket-sized charging case) Industry-leading Class 1 Bluetooth for extended range and fewer dropouts High-quality call performance and voice assistant interaction via built-in microphones IPX4-rated sweat- and water-resistant wireless earbuds",
  "brand": "Beats",
  "unit": "52pcs",
  "quantity": 36,
  "colors": [
    "blue",
    "black",
    "gray",
    "white"
  ],
  "type": "Latest Products",
  "status": "active",
  "croppoints": 450,
  "updatedAt": {
    "$date": "2023-03-06T09:44:03.056Z"
  }
},{
  "_id": {
    "$oid": "63ef6d10e5d09c1081c213b6"
  },
  "sku": "29045-SD-7",
  "title": "HP Reverb G2 VR Headset",
  "parent": "Camera Bluetooth & Headset",
  "children": "headset",
  "tags": [
    "HP",
    "Headset"
  ],
  "image": "https://i.ibb.co/2ZZ6hxW/product-27.jpg",
  "originalPrice": 999,
  "price": 999,
  "discount": 0,
  "relatedImages": [
    "https://i.ibb.co/2ZZ6hxW/product-27.jpg",
    "https://i.ibb.co/hgXyFqZ/product-rel-27-3.jpg",
    "https://i.ibb.co/wz2WLCH/product-rel-27-4.jpg",
    "https://i.ibb.co/B6K9HDD/product-rel-27-1.jpg",
    "https://i.ibb.co/gVCmxLf/product-rel-27-2.jpg"
  ],
  "description": "The no-compromise VR headset. Realistic visuals. Immersive soundscapes. Superb tracking and performance. Developed in collaboration with Valve and Microsoft, our breakthrough headset delivers a more immersive experience.[1] Ergonomically designed for comfort. Optimized for compatibility. Introducing the new standard in VR.",
  "brand": "HP",
  "unit": "72pcs",
  "quantity": 29,
  "colors": [
    "black"
  ],
  "type": "Latest Products",
  "status": "active",
  "croppoints": 450,
  "updatedAt": {
    "$date": "2023-03-06T09:44:03.056Z"
  }
},{
  "_id": {
    "$oid": "6411581bd9796d5099beb4ae"
  },
  "croppoints": 450,
  "sku": "29045-SB-2",
  "title": "Apple Watch Series 8",
  "parent": "Wireless & Watches",
  "children": "watch",
  "tags": [
    [
      "Watch"
    ],
    [
      "Apple"
    ]
  ],
  "image": "https://i.ibb.co/F3hPQMP/product-2.jpg",
  "originalPrice": 188,
  "price": 188,
  "discount": 0,
  "relatedImages": [
    "https://i.ibb.co/F3hPQMP/product-2.jpg",
    "https://i.ibb.co/rfjqtKv/product-rel-2-1.jpg",
    "https://i.ibb.co/Q89k5Jq/product-rel-2-2.jpg",
    "https://i.ibb.co/72h2zSp/product-rel-2-3.jpg"
  ],
  "description": "The aluminum case is lightweight and made from 100 percent recycled aerospace-grade alloy.The Sport Loop is made from a soft and breathable double-layer nylon weave, with a hook-and-loop fastener for quick and easy adjustment.",
  "brand": "Apple",
  "unit": "12pcs",
  "quantity": 32,
  "colors": [
    [
      "red"
    ],
    [
      "yellow"
    ],
    [
      "black"
    ]
  ],
  "type": "Top Rated",
  "status": "active",
  "categoryId": {
    "$oid": "63ef48f23bc1be99b8cd6ee0"
  },
  "subCategoryId": {
    "$oid": "6411569b4dcbd807e75ce513"
  },
  "createdAt": {
    "$date": "2023-03-15T05:31:07.897Z"
  },
  "updatedAt": {
    "$date": "2023-03-15T05:31:07.897Z"
  },
  "__v": 0
},{
  "_id": {
    "$oid": "64118e89a60d3953301be832"
  },
  "title": "cup",
  "price": 50,
  "points": 5,
  "sortDescription": "Noritake Japan cup",
  "description": "Noritake Japan - Hearth Collection Porcelain Coffee and Tea Cup Saucer Set of 12, Service for 6 in Box (Ville De Platine)",
  "apply": "both",
  "status": "active",
  "availDate": {
    "fromDate": {
      "$date": "2023-03-11T06:10:12.000Z"
    },
    "toDate": {
      "$date": "2023-03-11T06:10:12.000Z"
    }
  },
  "image": "https://m.media-amazon.com/images/W/IMAGERENDERING_521856-T1/images/I/61M1jzAsS-L._SX679_.jpg",
  "customiseMsg": "thank you",
  "mktOfferFor": "top_Rank",
  "bidPrice": 500,
  "rating": 0,
  "likes": 0,
  "user": {
    "$oid": "63fca30b3f3780da547c3c68"
  },
  "sector": "hotel",
  "createAt": {
    "$date": "2023-03-15T09:23:21.370Z"
  },
  "__v": 0
},{
  "_id": {
    "$oid": "6411af1d5a4272cc9b2dc631"
  },
  "sku": "29045-SB-2",
  "title": "Apple Watch Series 8",
  "parent": "Wireless & Watches",
  "children": "watch",
  "tags": [
    "Watch",
    "Apple"
  ],
  "image": "https://i.ibb.co/F3hPQMP/product-2.jpg",
  "originalPrice": 188,
  "price": 188,
  "discount": 0,
  "relatedImages": [
    "https://i.ibb.co/F3hPQMP/product-2.jpg",
    "https://i.ibb.co/rfjqtKv/product-rel-2-1.jpg",
    "https://i.ibb.co/Q89k5Jq/product-rel-2-2.jpg",
    "https://i.ibb.co/72h2zSp/product-rel-2-3.jpg"
  ],
  "description": "The aluminum case is lightweight and made from 100 percent recycled aerospace-grade alloy.The Sport Loop is made from a soft and breathable double-layer nylon weave, with a hook-and-loop fastener for quick and easy adjustment.",
  "brand": "Apple",
  "unit": "12pcs",
  "quantity": 32,
  "colors": [
    "red",
    "yellow",
    "black"
  ],
  "type": "Top Rated",
  "status": "active",
  "croppoints": 450,
  "updatedAt": {
    "$date": "2023-03-06T09:44:03.056Z"
  }
},{
  "_id": {
    "$oid": "64196c40274d50ecb32f659b"
  },
  "sku": "sku",
  "title": "New Product",
  "parent": "New PArent",
  "children": "Ear Phone",
  "tags": [],
  "image": "https://images.unsplash.com/photo-1505740420928-5e560c06d30e?ixlib=rb-4.0.3&ixid=MnwxMjA3fDB8MHxzZWFyY2h8M3x8cHJvZHVjdHxlbnwwfHwwfHw%3D&w=1000&q=80",
  "originalPrice": 2999,
  "price": 1999,
  "discount": 1000,
  "shortDescription": "ear",
  "description": "It is an new earphone",
  "brand": "New Brand",
  "unit": "12",
  "quantity": 300,
  "croppoints": 12,
  "colors": [],
  "apply": "new Apply",
  "type": "12345",
  "itemInfo": "We con listen audio",
  "status": "active",
  "customiseMsg": "Thanks for buying this amazing product",
  "mktOfferFor": "mkt",
  "bidPrice": 0,
  "rating": 0,
  "likes": 0,
  "sector": "1234",
  "categoryId": {
    "$oid": "63ef48f23bc1be99b8cd6ee0"
  },
  "subCategoryId": {
    "$oid": "6411569b4dcbd807e75ce513"
  },
  "createdAt": {
    "$date": "2023-03-21T08:35:12.297Z"
  },
  "updatedAt": {
    "$date": "2023-03-21T08:35:12.297Z"
  },
  "__v": 0
},{
  "_id": {
    "$oid": "64196ccc210d39fa86bdd1a6"
  },
  "sku": "sku",
  "title": "New Product Update",
  "parent": "New PArent",
  "children": "Ear Phone",
  "tags": [],
  "image": "https://images.unsplash.com/photo-1505740420928-5e560c06d30e?ixlib=rb-4.0.3&ixid=MnwxMjA3fDB8MHxzZWFyY2h8M3x8cHJvZHVjdHxlbnwwfHwwfHw%3D&w=1000&q=80",
  "originalPrice": 2999,
  "price": 1999,
  "discount": 1000,
  "shortDescription": "ear",
  "description": "It is an new earphone",
  "brand": "New Brand",
  "unit": "120",
  "quantity": 300,
  "croppoints": 120000,
  "colors": [],
  "apply": "redeemCrop",
  "type": "12349",
  "itemInfo": "We can listen audio",
  "status": "market",
  "customiseMsg": "Thanks for buying this amazing product",
  "mktOfferFor": "mkt",
  "bidPrice": 101,
  "rating": 0,
  "likes": 0,
  "user": {
    "$oid": "64144186df14fd9876dd77d9"
  },
  "sector": "shops",
  "categoryId": {
    "$oid": "63ef48f23bc1be99b8cd6ee0"
  },
  "subCategoryId": {
    "$oid": "6411569b4dcbd807e75ce513"
  },
  "createdAt": {
    "$date": "2023-03-21T08:37:32.187Z"
  },
  "updatedAt": {
    "$date": "2023-03-22T05:44:17.958Z"
  },
  "__v": 0
}]